# ************************************************************
# Sequel Pro SQL dump
# Version 4541
#
# http://www.sequelpro.com/
# https://github.com/sequelpro/sequelpro
#
# Host: 127.0.0.1 (MySQL 5.7.23)
# Database: collegem
# Generation Time: 2018-12-19 04:34:07 +0000
# ************************************************************


/*!40101 SET @OLD_CHARACTER_SET_CLIENT=@@CHARACTER_SET_CLIENT */;
/*!40101 SET @OLD_CHARACTER_SET_RESULTS=@@CHARACTER_SET_RESULTS */;
/*!40101 SET @OLD_COLLATION_CONNECTION=@@COLLATION_CONNECTION */;
/*!40101 SET NAMES utf8 */;
/*!40014 SET @OLD_FOREIGN_KEY_CHECKS=@@FOREIGN_KEY_CHECKS, FOREIGN_KEY_CHECKS=0 */;
/*!40101 SET @OLD_SQL_MODE=@@SQL_MODE, SQL_MODE='NO_AUTO_VALUE_ON_ZERO' */;
/*!40111 SET @OLD_SQL_NOTES=@@SQL_NOTES, SQL_NOTES=0 */;


# Dump of table class_schedule
# ------------------------------------------------------------

DROP TABLE IF EXISTS `class_schedule`;

CREATE TABLE `class_schedule` (
  `ID` int(11) NOT NULL AUTO_INCREMENT,
  `Day` varchar(200) DEFAULT NULL,
  `Room` varchar(200) DEFAULT NULL,
  `Start_Time` time DEFAULT NULL,
  `Finish_Time` time DEFAULT NULL,
  PRIMARY KEY (`ID`)
) ENGINE=InnoDB AUTO_INCREMENT=76 DEFAULT CHARSET=latin1;

LOCK TABLES `class_schedule` WRITE;
/*!40000 ALTER TABLE `class_schedule` DISABLE KEYS */;

INSERT INTO `class_schedule` (`ID`, `Day`, `Room`, `Start_Time`, `Finish_Time`)
VALUES
	(1,'TuTh','NAC 4/125','11:00:00','12:15:00'),
	(2,'MoWe','NAC 4/125','09:00:00','10:15:00'),
	(3,'MoWe','NAC 4/130','17:00:00','20:00:00'),
	(4,'MoWe','NAC 7/106','09:00:00','10:15:00'),
	(5,'MoWe','NAC 7/106','12:00:00','13:15:00'),
	(6,'TuTh','NAC 5/126','14:00:00','15:15:00'),
	(7,'MoWe','Shepard S-209','10:00:00','11:40:00'),
	(8,'MoWe','Shepard S-209','14:00:00','15:40:00'),
	(9,'TuTh','NAC 6/122','10:00:00','11:40:00'),
	(10,'MoWe','Marshak MR4','14:00:00','15:15:00'),
	(11,'MoWe','Marshak MR4','09:00:00','10:15:00'),
	(12,'MoWe','Marshak 702','17:00:00','18:15:00'),
	(13,'MoWe','NAC 5/126','14:00:00','15:15:00'),
	(14,'TuTh','NAC 7/105','17:00:00','19:15:00'),
	(15,'MoWe','Marshak MR2','15:30:00','16:45:00'),
	(16,'TuTh','Marshak MR2','20:00:00','21:50:00'),
	(17,'MoWe','Marshak MR2','09:00:00','10:50:00'),
	(18,'TuTh','Marshak MR2','14:00:00','15:15:00'),
	(19,'TuTh','Marshak MR2','10:00:00','11:15:00'),
	(20,'MoWe','NAC 0/201','18:00:00','19:15:00'),
	(21,'MoWe','NAC 5/109','08:00:00','09:40:00'),
	(22,'MoWe','NAC 4/130','12:00:00','13:40:00'),
	(23,'MoWe','NAC 5/108','14:00:00','15:40:00'),
	(24,'TuTh','NAC 4/209','14:00:00','15:40:00'),
	(25,'MoWe','NAC 6/121','09:00:00','10:40:00'),
	(26,'Fr','NAC 6/121','09:00:00','12:00:00'),
	(27,'MoWe','NAC 6/121','14:00:00','15:40:00'),
	(28,'WeFr','NAC 5/111','17:00:00','18:40:00'),
	(29,'TuTh','NAC 6/111','10:00:00','11:40:00'),
	(30,'MoWe','NAC 4/115','09:30:00','10:40:00'),
	(31,'MoWe','NAC 4/113','14:00:00','15:15:00'),
	(32,'TuTh','NAC 4/113','18:30:00','19:45:00'),
	(33,'TuTh','Marshak MR4','10:00:00','11:40:00'),
	(34,'TuTh','Marshak MR4','14:00:00','15:40:00'),
	(35,'TuTh','Marshak MR3','09:30:00','10:45:00'),
	(36,'TuTh','NAC 5/101','09:30:00','10:45:00'),
	(37,'TuTh','Marshak 506','11:00:00','12:15:00'),
	(38,'TuTh','Marshak 702','11:00:00','12:15:00'),
	(39,'TuTh','Marshak 702','14:00:00','14:30:00'),
	(40,'MoWe','NAC 6/106','12:30:00','13:45:00'),
	(41,'MoWe','Shepard 75','14:00:00','15:15:00'),
	(42,'MoWe','NAC 6/313','15:30:00','16:45:00'),
	(43,'MoWe','Marshak 1026','17:00:00','18:15:00'),
	(44,'MoWe','NAC 6/311','14:00:00','15:15:00'),
	(45,'MoWe','NAC 6/314','15:30:00','16:45:00'),
	(46,'TuTh','NAC 6/327','11:00:00','12:15:00'),
	(47,'MoWe','Shepard S-205','09:00:00','10:15:00'),
	(48,'MoWe','Shepard S-205','11:00:00','12:15:00'),
	(49,'MoWe','Steinman','09:30:00','12:15:00'),
	(50,'MoWe','Steinman B64','14:00:00','16:50:00'),
	(51,'MoWe','Marshak 117','14:00:00','15:15:00'),
	(52,'MoWe','NAC 1/203','15:30:00','16:45:00'),
	(53,'MoWe','NAC 1/203','12:30:00','13:20:00'),
	(54,'TuTh','NAC 5/101','14:00:00','15:15:00'),
	(55,'TuTh','NAC 6/325','09:00:00','10:40:00'),
	(56,'MoWe','Shepard S-205','11:50:00','12:40:00'),
	(57,'MoWe','Shepard S-72','09:30:00','10:40:00'),
	(58,'TuTh','Shepard S-72','09:30:00','10:40:00'),
	(59,'Fr','NAc 3/111','14:00:00','16:00:00'),
	(60,'MoWe','Shepard S-180','11:00:00','12:15:00'),
	(61,'MoWe','Shepard S-180','12:30:00','13:45:00'),
	(62,'MoWe','Shepard S-180','09:30:00','10:45:00'),
	(63,'MoWe','Shepard 75','09:30:00','10:45:00'),
	(64,'MoWe','NAC 4/125','12:30:00','13:45:00'),
	(65,'TuTh','Shepard 19','09:30:00','10:45:00'),
	(66,'TuTh','Marshak 408','14:00:00','15:15:00'),
	(67,'TuTh','NAC 7/225','14:00:00','15:15:00'),
	(68,'Fr','NAC 5/102','09:00:00','11:50:00'),
	(69,'MoWe','NAC 0/201','12:30:00','13:50:00'),
	(70,'MoWe','NAC 4/161','08:00:00','09:15:00'),
	(71,'MoWe','NAC 7/312','12:30:00','13:45:00'),
	(72,'TuTh','Shepard 73','09:30:00','10:45:00'),
	(73,'TuTh','Shepard 19','15:30:00','16:45:00'),
	(74,'TuTh','NAC 1/310','17:00:00','18:15:00'),
	(75,'MoWe','NAC 1/220','20:00:00','21:00:00');

/*!40000 ALTER TABLE `class_schedule` ENABLE KEYS */;
UNLOCK TABLES;


# Dump of table course
# ------------------------------------------------------------

DROP TABLE IF EXISTS `course`;

CREATE TABLE `course` (
  `ID` int(11) NOT NULL AUTO_INCREMENT,
  `Course_Code` varchar(200) DEFAULT NULL,
  `Course_No` varchar(200) DEFAULT NULL,
  `description` varchar(200) DEFAULT NULL,
  `Term` varchar(200) DEFAULT NULL,
  `Credits` int(11) DEFAULT NULL,
  PRIMARY KEY (`ID`)
) ENGINE=InnoDB AUTO_INCREMENT=77 DEFAULT CHARSET=latin1;

LOCK TABLES `course` WRITE;
/*!40000 ALTER TABLE `course` DISABLE KEYS */;

INSERT INTO `course` (`ID`, `Course_Code`, `Course_No`, `description`, `Term`, `Credits`)
VALUES
	(1,'CSC','21200','Data Structures','Fall',3),
	(2,'CSC','21200','Data Structures','Spring',3),
	(3,'CSC','22000','Algorithms','Fall',3),
	(4,'CSC','22000','Algorithms','Spring',3),
	(5,'CSC','33200','Operating Systems','Fall',4),
	(6,'CSC','33200','Operating Systems','Spring',4),
	(7,'CSC','33600','Introduction to Database Systems','Fall',3),
	(8,'CSC','33600','Introduction to Database Systems','Spring',3),
	(9,'CSC','33200','Software Engineering','Spring',4),
	(10,'CSC','34200','Computer Systems Design','Spring',4),
	(13,'CHEM','10200','General Chemistry II','Fall',4),
	(14,'CHEM','10200','General Chemistry II','Spring',4),
	(15,'CHEM','22000','Organic Chemistry I','Spring',3),
	(17,'MATH','20100','Calculus I','Spring',3),
	(18,'MATH','20100','Calculus I','Fall',3),
	(19,'MATH','20200','Calculus II','Fall',3),
	(20,'MATH','20200','Calculus II','Spring',3),
	(21,'MATH','20300','Calculus III','Fall',4),
	(22,'MATH','20300','Calculus III','Spring',4),
	(23,'MATH','34600','Linear Algebra','Fall',3),
	(24,'MATH','34600','Linear Algebra','Spring',3),
	(25,'PHYS','20300','Physics I','Fall',4),
	(26,'PHYS','20300','Physics I','Spring',4),
	(27,'PHYS','20800','Physics II','Fall',4),
	(28,'PHYS','20800','Physics II','Spring',4),
	(31,'BIO','10200','Biology II','Fall',4),
	(32,'BIO','10200','Biology II','Spring',4),
	(33,'ENGR','23000','Thermodynamics','Spring',3),
	(34,'ENGR','23000','Thermodynamics','Fall',3),
	(35,'CE','34000','Structures','Fall',3),
	(36,'CE','34000','Structures','Spring',3),
	(37,'CE','35000','Fluid Mechanics','Fall',3),
	(38,'CE','35000','Fluid Mechanics','Spring',3),
	(39,'ENGR','20400','Circuits','Fall',3),
	(40,'ENGR','20400','Circuits','Spring',3),
	(41,'EE','22100','Electrical Engineering I','Spring',3),
	(42,'EE','22100','Electrical Engineering I','Fall',3),
	(43,'ME','14500','Computer Aided Drafting','Spring',3),
	(44,'ECO','20150','Statistics','Spring',3),
	(45,'ECO','20150','Statistics','Fall',3),
	(46,'ECO','20250','Microeconomics','Fall',3),
	(47,'ECO','20250','Microeconomics','Spring',3),
	(50,'PSC','10400','World Politics','Spring',3),
	(51,'PSC','10400','World Politics','fall',3),
	(54,'PSY','10200','Applications of Psychology','Fall',3),
	(55,'PSY','10200','Applications of Psychology','Spring',3),
	(56,'ART','10000','Visual Arts I','Fall',3),
	(57,'ART','10000','Visual Arts I','Spring',3),
	(58,'ART','10200','Introduction to Drawing','Fall',3),
	(59,'ART','10200','Introduction to Drawing','Spring',3),
	(62,'MUS','10200','World Music','Spring',3),
	(63,'ENGL','11000','Freshman English','Fall',3),
	(64,'ENGL','11000','Freshman English','Spring',3),
	(65,'ENGL','21007','Writing for Engineers','Spring',3),
	(66,'ENGL','21007','Writing for Engineers','Fall',3),
	(67,'HIST','24000','Early American History','Fall',3),
	(68,'HIST','24000','Early American History','Spring',3),
	(69,'HIST','24100','Modern American History','Spring',3),
	(70,'HIST','24100','Modern American History','Fall',3),
	(71,'ARTT','10500','ART TEST','Fall',3);

/*!40000 ALTER TABLE `course` ENABLE KEYS */;
UNLOCK TABLES;

DELIMITER ;;
/*!50003 SET SESSION SQL_MODE="ONLY_FULL_GROUP_BY,STRICT_TRANS_TABLES,NO_ZERO_IN_DATE,NO_ZERO_DATE,ERROR_FOR_DIVISION_BY_ZERO,NO_AUTO_CREATE_USER,NO_ENGINE_SUBSTITUTION" */;;
/*!50003 CREATE */ /*!50017 DEFINER=`root`@`localhost` */ /*!50003 TRIGGER `deleteCourse` AFTER DELETE ON `course` FOR EACH ROW DELETE e FROM enrollment e JOIN section s ON e.Section_ID = s.ID JOIN course c ON s.Course_ID=c.ID  WHERE s.Course_ID = old.ID AND e.Grade=NULL */;;
DELIMITER ;
/*!50003 SET SESSION SQL_MODE=@OLD_SQL_MODE */;


# Dump of table department
# ------------------------------------------------------------

DROP TABLE IF EXISTS `department`;

CREATE TABLE `department` (
  `ID` int(11) NOT NULL AUTO_INCREMENT,
  `Name` varchar(200) DEFAULT NULL,
  `Chair` varchar(200) DEFAULT NULL,
  `Phone` varchar(200) DEFAULT NULL,
  `Email` varchar(200) DEFAULT NULL,
  PRIMARY KEY (`ID`)
) ENGINE=InnoDB AUTO_INCREMENT=118 DEFAULT CHARSET=latin1;

LOCK TABLES `department` WRITE;
/*!40000 ALTER TABLE `department` DISABLE KEYS */;

INSERT INTO `department` (`ID`, `Name`, `Chair`, `Phone`, `Email`)
VALUES
	(100,'Computer Science','Prof. Akira Kawaguchi','2126506632','info@cs.ccny.cuny.edu\r'),
	(101,'Chemistry','Ruth E. Stark','2126508402','chemdept@ccny.cuny.edy\r'),
	(102,'Mathematics','Michael Shub','2126505346','math@ccny.cuny.edu\r'),
	(103,'Physics','Dr. Swapan Gayen','2126506832','physdept@ccny.cuny.edu\r'),
	(104,'Biology','Prof. Jonathan Levitt','2126506800','biology@ccny.cuny.edu\r'),
	(105,'Biomedical Engineering','Mitchell Schaffler','2126505070','engineering@ccny.cuny.edu\r'),
	(106,'Chemical Engineering','Ilona Kretzschmar','2126506660','ncromie@ccny.cuny.edu\r'),
	(107,'Civil Engineering','Julio Davalos','2126506965','engineering@ccny.cuny.edu\r'),
	(108,'Electrical Engineering','Roger Dorsinville','2126507248','engineering@ccny.cuny.edu\r'),
	(109,'Mechanical Engineering','Professor Feridun Delale','2126505206','engineering@ccny.cuny.edu\r'),
	(110,'Economics and Business','Matthew G. Nagler','2126505403','ecobiz@ccny.cuny.edu\r'),
	(111,'Political Science','Daniel DiSalvo','2126505940','ddissalvo@ccny.cuny.edu\r'),
	(112,'Psychology','Robert Melara','2126505442','pyschology@ccny.cuny.edu\r'),
	(113,'Art','Mollo Aitken','2126507420','art@ccny.cuny.edu\r'),
	(114,'Music','Shaugn ODonnell','2126505411','music@ccny.cuny.edu\r'),
	(115,'English','Professor Elizabeth Mazzola','2126505407','english@ccny.cuny.edu\r'),
	(116,'History','Prof. Anne Kornhauser','2126507137','history@ccny.cuny.edu\r'),
	(117,'Architecture','Julio Salcedo Fernandez','2126507118','ssa@ccny.cuny.edu\r');

/*!40000 ALTER TABLE `department` ENABLE KEYS */;
UNLOCK TABLES;


# Dump of table enrollment
# ------------------------------------------------------------

DROP TABLE IF EXISTS `enrollment`;

CREATE TABLE `enrollment` (
  `ID` int(11) NOT NULL,
  `Academic_year` varchar(200) DEFAULT NULL,
  `Section_ID` int(11) DEFAULT NULL,
  `Student_ID` int(11) DEFAULT NULL,
  `Date_Enrolled` date DEFAULT NULL,
  `Grade` varchar(10) DEFAULT NULL,
  PRIMARY KEY (`ID`),
  KEY `fk_sec` (`Section_ID`),
  KEY `fk_stud` (`Student_ID`),
  CONSTRAINT `fk_sec` FOREIGN KEY (`Section_ID`) REFERENCES `section` (`ID`) ON DELETE CASCADE ON UPDATE CASCADE,
  CONSTRAINT `fk_stud` FOREIGN KEY (`Student_ID`) REFERENCES `student` (`ID`) ON UPDATE CASCADE
) ENGINE=InnoDB DEFAULT CHARSET=latin1;

LOCK TABLES `enrollment` WRITE;
/*!40000 ALTER TABLE `enrollment` DISABLE KEYS */;

INSERT INTO `enrollment` (`ID`, `Academic_year`, `Section_ID`, `Student_ID`, `Date_Enrolled`, `Grade`)
VALUES
	(1,'2017',1,5001,'2016-11-03','C\r'),
	(2,'2017',1,5164,'2016-11-03','C\r'),
	(3,'2017',1,5208,'2016-11-03','A\r'),
	(4,'2017',1,5085,'2016-11-07','B+\r'),
	(5,'2017',1,5020,'2016-11-02','A-\r'),
	(6,'2017',1,5324,'2016-11-06','B\r'),
	(7,'2017',1,5014,'2016-11-03','B\r'),
	(8,'2017',1,5161,'2016-11-03','B\r'),
	(9,'2017',1,5123,'2016-11-01','A\r'),
	(10,'2017',1,5005,'2016-11-03','A\r'),
	(11,'2017',1,5199,'2016-11-12','B\r'),
	(12,'2017',1,5161,'2016-11-01','B\r'),
	(13,'2017',1,5123,'2016-11-03','B+\r'),
	(14,'2017',1,5023,'2016-11-03','F\r'),
	(15,'2017',2,5205,'2016-11-12','C\r'),
	(16,'2017',2,5167,'2016-11-01','B\r'),
	(17,'2017',2,5023,'2016-11-03','B+\r'),
	(18,'2017',2,5244,'2016-11-03','C-\r'),
	(19,'2017',2,5030,'2016-11-12','A\r'),
	(20,'2017',2,5204,'2016-11-01','C-\r'),
	(21,'2017',2,5012,'2016-11-03','A-\r'),
	(22,'2017',2,5202,'2016-11-03','A\r'),
	(23,'2017',2,5080,'2016-11-12','B+\r'),
	(24,'2017',2,5008,'2016-11-01','B+\r'),
	(25,'2017',2,5012,'2016-11-03','B+\r'),
	(26,'2017',2,5202,'2016-11-03','B+\r'),
	(27,'2017',2,5007,'2016-11-12','B\r'),
	(28,'2017',2,5068,'2016-11-03','A\r'),
	(29,'2017',2,5246,'2016-11-03','B\r'),
	(30,'2017',2,5248,'2016-11-03','C\r'),
	(31,'2017',2,5046,'2016-11-01','B+\r'),
	(32,'2017',2,5044,'2016-11-01','C\r'),
	(33,'2017',2,5067,'2016-11-07','A-\r'),
	(34,'2017',2,5162,'2016-11-03','C-\r'),
	(35,'2017',2,5018,'2016-11-01','A\r'),
	(36,'2017',2,5202,'2016-11-01','B\r'),
	(37,'2017',2,5057,'2016-11-02','B\r'),
	(38,'2017',2,5082,'2016-11-06','B\r'),
	(39,'2017',2,5010,'2016-11-01','A-\r'),
	(40,'2017',3,5125,'2016-11-01','B\r'),
	(41,'2017',3,5016,'2016-11-02','A\r'),
	(42,'2017',3,5022,'2016-11-02','A\r'),
	(43,'2017',3,5081,'2017-11-15','A\r'),
	(44,'2017',3,5011,'2016-11-01','B+\r'),
	(45,'2017',3,5164,'2017-11-16','C\r'),
	(46,'2017',3,5059,'2016-11-02','B\r'),
	(47,'2017',3,5162,'2017-11-17','A\r'),
	(48,'2017',3,5011,'2016-11-03','A-\r'),
	(49,'2017',3,5164,'2016-11-01','C-\r'),
	(50,'2017',3,5025,'2016-11-02','B\r'),
	(51,'2017',3,5012,'2016-11-07','B+\r'),
	(52,'2017',3,5206,'2016-11-01','B\r'),
	(53,'2017',3,5061,'2016-11-01','B\r'),
	(83,'2017',6,5322,'2016-11-01','B+\r'),
	(84,'2017',6,5011,'2016-11-01','A-\r'),
	(85,'2017',6,5082,'2016-11-01','B\r'),
	(86,'2017',6,5010,'2016-11-01','A\r'),
	(87,'2017',6,5163,'2016-11-07','B\r'),
	(88,'2017',6,5058,'2016-11-01','B\r'),
	(89,'2017',6,5008,'2016-11-02','B\r'),
	(90,'2017',6,5163,'2016-11-03','A\r'),
	(91,'2017',6,5066,'2016-11-04','A\r'),
	(92,'2017',6,5010,'2017-11-16','B\r'),
	(93,'2017',6,5200,'2016-11-20','B+\r'),
	(94,'2017',6,5021,'2016-11-01','B+\r'),
	(95,'2017',6,5008,'2016-11-16','B\r'),
	(96,'2017',6,5202,'2016-11-16','B+\r'),
	(97,'2017',6,5057,'2017-11-26','F\r'),
	(98,'2017',6,5160,'2016-11-06','B\r'),
	(99,'2017',6,5016,'2016-11-07','C\r'),
	(100,'2017',6,5007,'2016-11-08','C-\r'),
	(101,'2017',6,5160,'2016-11-16','A-\r'),
	(102,'2017',6,5016,'2016-11-16','B\r'),
	(103,'2017',6,5241,'2016-11-17','C-\r'),
	(104,'2017',6,5399,'2016-11-12','C\r'),
	(105,'2017',6,5041,'2017-11-19','A\r'),
	(106,'2017',7,5120,'2016-11-12','B+\r'),
	(107,'2017',7,5011,'2016-11-02','B\r'),
	(108,'2017',7,5201,'2016-11-02','B+\r'),
	(109,'2017',7,5080,'2016-11-20','A\r'),
	(110,'2017',7,5239,'2016-11-03','B\r'),
	(111,'2017',7,5016,'2016-11-04','C-\r'),
	(112,'2017',7,5241,'2016-11-05','C\r'),
	(113,'2017',7,5027,'2016-11-03','B\r'),
	(114,'2017',7,5041,'2016-11-04','B+\r'),
	(115,'2017',7,5003,'2016-11-05','A-\r'),
	(116,'2017',7,5082,'2016-11-06','B\r'),
	(117,'2017',7,5201,'2016-11-12','B\r'),
	(118,'2017',7,5203,'2016-11-07','B\r'),
	(119,'2017',7,5058,'2016-11-20','A\r'),
	(120,'2017',7,5201,'2016-11-07','A\r'),
	(121,'2017',8,5022,'2016-11-07','C-\r'),
	(122,'2017',8,5009,'2016-11-07','C\r'),
	(123,'2017',8,5203,'2016-11-02','C-\r'),
	(124,'2017',8,5058,'2016-11-12','B+\r'),
	(125,'2017',8,5031,'2016-11-01','B+\r'),
	(126,'2017',8,5056,'2016-11-10','B+\r'),
	(127,'2017',8,5006,'2016-11-01','C\r'),
	(128,'2017',8,5058,'2016-11-02','B+\r'),
	(129,'2017',8,5008,'2016-11-20','B+\r'),
	(130,'2017',8,5163,'2016-11-12','B\r'),
	(131,'2017',8,5066,'2016-11-01','A\r'),
	(132,'2017',8,5033,'2017-11-27','B\r'),
	(133,'2017',8,5058,'2016-11-10','A\r'),
	(134,'2017',8,5242,'2016-11-16','B\r'),
	(135,'2017',8,5028,'2016-11-16','A-\r'),
	(136,'2017',8,5042,'2016-11-01','B\r'),
	(137,'2017',8,5004,'2016-11-16','A-\r'),
	(138,'2017',8,5083,'2016-11-16','A\r'),
	(139,'2017',9,5202,'2017-11-23','B\r'),
	(140,'2017',9,5028,'2016-11-07','C-\r'),
	(141,'2017',9,5012,'2016-11-20','C\r'),
	(142,'2017',9,5069,'2016-11-01','A\r'),
	(143,'2017',9,5036,'2016-11-20','B\r'),
	(144,'2017',9,5061,'2016-11-20','B\r'),
	(145,'2017',9,5011,'2016-11-20','A-\r'),
	(146,'2017',9,5126,'2016-11-02','B+\r'),
	(147,'2017',9,5245,'2016-11-12','B\r'),
	(148,'2017',9,5031,'2016-11-02','B\r'),
	(149,'2017',9,5015,'2016-11-06','C-\r'),
	(150,'2017',9,5245,'2016-11-02','A\r'),
	(151,'2017',9,5098,'2017-11-04','A\r'),
	(152,'2017',9,5036,'2016-11-12','B\r'),
	(153,'2017',9,5012,'2016-11-16','A\r'),
	(154,'2017',9,5047,'2016-11-02','A\r'),
	(155,'2017',9,5126,'2016-11-12','B\r'),
	(156,'2017',9,5017,'2016-11-02','A-\r'),
	(157,'2017',9,5207,'2016-11-06','B+\r'),
	(158,'2017',9,5086,'2016-11-16','F\r'),
	(159,'2017',9,5014,'2016-11-02','B+\r'),
	(160,'2017',9,5207,'2016-11-12','C\r'),
	(194,'2017',12,5044,'2016-11-07','B\r'),
	(195,'2017',12,5006,'2016-11-20','C-\r'),
	(196,'2017',12,5085,'2016-11-01','C\r'),
	(197,'2017',12,5204,'2016-11-07','C-\r'),
	(198,'2017',12,5025,'2016-11-20','B\r'),
	(199,'2017',12,5011,'2016-11-01','A\r'),
	(200,'2017',12,5244,'2016-11-07','C\r'),
	(201,'2017',12,5023,'2016-11-20','B\r'),
	(202,'2017',12,5035,'2016-11-01','A\r'),
	(203,'2017',12,5018,'2016-11-16','A\r'),
	(204,'2017',12,5046,'2016-11-02','B+\r'),
	(205,'2017',12,5007,'2016-11-20','B\r'),
	(206,'2017',12,5078,'2016-11-02','B+\r'),
	(207,'2017',12,5006,'2016-11-07','A-\r'),
	(208,'2017',13,5159,'2016-11-12','B\r'),
	(209,'2017',13,5121,'2016-11-17','C-\r'),
	(210,'2017',13,5017,'2016-11-22','C\r'),
	(211,'2017',13,5242,'2016-11-06','C-\r'),
	(212,'2017',13,5304,'2016-11-16','B+\r'),
	(213,'2017',13,5042,'2016-11-06','A-\r'),
	(214,'2017',13,5121,'2016-11-07','A\r'),
	(215,'2017',13,5012,'2016-11-02','B\r'),
	(216,'2017',13,5202,'2016-11-06','B\r'),
	(217,'2017',13,5081,'2016-11-06','A\r'),
	(218,'2017',13,5200,'2016-11-06','B+\r'),
	(219,'2017',13,5012,'2016-11-07','B+\r'),
	(220,'2017',13,5242,'2017-11-17','B\r'),
	(221,'2017',13,5028,'2016-11-02','B+\r'),
	(222,'2017',13,5042,'2016-11-06','A-\r'),
	(223,'2017',14,5004,'2016-11-20','B\r'),
	(224,'2017',14,5083,'2016-11-02','A\r'),
	(225,'2017',14,5202,'2016-11-06','A\r'),
	(226,'2017',14,5204,'2016-11-07','B\r'),
	(227,'2017',14,5059,'2016-11-02','A\r'),
	(228,'2017',14,5162,'2016-11-02','B+\r'),
	(229,'2017',14,5001,'2017-11-14','B\r'),
	(230,'2017',14,5120,'2016-11-02','B+\r'),
	(231,'2017',14,5011,'2016-11-06','F\r'),
	(232,'2017',14,5201,'2016-11-07','B+\r'),
	(233,'2017',14,5320,'2016-11-12','F\r'),
	(234,'2017',14,5009,'2016-11-06','B\r'),
	(235,'2017',14,5080,'2016-11-07','C-\r'),
	(236,'2017',14,5008,'2016-11-12','C\r'),
	(237,'2017',14,5161,'2016-11-06','A\r'),
	(238,'2017',14,5056,'2016-11-07','C\r'),
	(239,'2017',14,5159,'2016-11-07','C-\r'),
	(240,'2017',14,5011,'2016-11-02','B+\r'),
	(241,'2017',14,5201,'2016-11-06','A-\r'),
	(242,'2017',14,5022,'2016-11-07','B\r'),
	(243,'2017',14,5009,'2016-11-20','B\r'),
	(244,'2017',14,5203,'2016-11-03','B\r'),
	(245,'2017',14,5058,'2017-11-22','B\r'),
	(246,'2017',15,5161,'2016-11-16','A\r'),
	(247,'2017',15,5340,'2016-11-04','B\r'),
	(248,'2017',15,5042,'2017-11-23','A\r'),
	(249,'2017',15,5121,'2016-11-17','B\r'),
	(250,'2017',15,5017,'2016-11-05','A\r'),
	(251,'2017',15,5242,'2017-11-24','A\r'),
	(252,'2017',15,5352,'2016-11-18','B+\r'),
	(253,'2017',15,5042,'2016-11-06','B+\r'),
	(254,'2017',15,5026,'2017-11-25','F\r'),
	(255,'2017',15,5040,'2016-11-07','B+\r'),
	(256,'2017',15,5002,'2016-11-02','C\r'),
	(257,'2017',15,5042,'2016-11-12','B\r'),
	(258,'2017',15,5004,'2016-11-07','A-\r'),
	(259,'2017',15,5083,'2016-11-03','A\r'),
	(260,'2017',15,5242,'2016-11-12','A-\r'),
	(261,'2017',15,5028,'2016-11-20','C-\r'),
	(262,'2017',15,5042,'2016-11-02','C\r'),
	(263,'2017',15,5202,'2016-11-06','C-\r'),
	(264,'2017',15,5023,'2016-11-02','B\r'),
	(265,'2017',15,5010,'2016-11-03','B+\r'),
	(266,'2017',15,5204,'2016-11-06','B\r'),
	(267,'2017',16,5059,'2017-11-29','B\r'),
	(268,'2017',16,5162,'2017-11-20','B+\r'),
	(269,'2017',16,5018,'2016-11-06','A\r'),
	(270,'2017',16,5009,'2016-11-02','B\r'),
	(271,'2017',16,5245,'2016-11-06','C-\r'),
	(272,'2017',16,5031,'2016-11-06','C\r'),
	(273,'2017',16,5045,'2016-11-02','B\r'),
	(274,'2017',16,5007,'2016-11-06','B+\r'),
	(275,'2017',16,5086,'2016-11-06','A-\r'),
	(276,'2017',16,5205,'2016-11-02','B\r'),
	(277,'2017',16,5026,'2016-11-06','B\r'),
	(278,'2017',16,5012,'2016-11-06','B\r'),
	(279,'2017',16,5165,'2016-11-06','A\r'),
	(280,'2017',16,5324,'2016-11-07','A\r'),
	(281,'2017',16,5031,'2016-11-06','B+\r'),
	(282,'2017',17,5326,'2016-11-20','B+\r'),
	(283,'2017',17,5015,'2016-11-06','B\r'),
	(284,'2017',17,5086,'2016-11-08','B+\r'),
	(285,'2017',17,5014,'2016-11-20','C\r'),
	(286,'2017',17,5167,'2016-11-12','A-\r'),
	(287,'2017',17,5062,'2016-11-03','B\r'),
	(288,'2017',17,5012,'2016-11-07','A-\r'),
	(289,'2017',17,5127,'2016-11-02','B\r'),
	(290,'2017',17,5070,'2016-11-16','B+\r'),
	(291,'2017',17,5037,'2016-11-02','B\r'),
	(292,'2017',17,5062,'2016-11-06','C-\r'),
	(293,'2017',17,5012,'2016-11-02','A-\r'),
	(294,'2017',17,5127,'2016-11-06','C-\r'),
	(295,'2017',17,5046,'2016-11-07','A\r'),
	(296,'2017',17,5125,'2016-11-01','B\r'),
	(297,'2017',17,5012,'2016-11-06','C\r'),
	(298,'2017',17,5127,'2016-11-02','B\r'),
	(299,'2017',17,5018,'2017-11-16','A\r'),
	(300,'2017',17,5016,'2016-11-06','C-\r'),
	(301,'2017',17,5241,'2016-11-02','A\r'),
	(302,'2017',17,5399,'2016-11-03','B+\r'),
	(303,'2017',19,5041,'2016-11-16','A\r'),
	(304,'2017',19,5025,'2016-11-12','A\r'),
	(305,'2017',19,5205,'2016-11-16','C\r'),
	(306,'2017',19,5060,'2016-11-02','C-\r'),
	(307,'2017',19,5163,'2016-11-06','B+\r'),
	(308,'2017',19,5019,'2016-11-16','B+\r'),
	(309,'2017',19,5244,'2016-11-12','A-\r'),
	(310,'2017',19,5205,'2016-11-16','F\r'),
	(311,'2017',19,5060,'2016-11-12','A\r'),
	(312,'2017',19,5033,'2016-11-16','B\r'),
	(313,'2017',19,5058,'2016-11-20','B\r'),
	(314,'2017',19,5008,'2016-11-02','A\r'),
	(315,'2017',19,5060,'2016-11-06','C\r'),
	(316,'2017',19,5010,'2016-11-16','A\r'),
	(317,'2017',19,5125,'2016-11-26','B+\r'),
	(318,'2017',19,5244,'2016-11-26','B+\r'),
	(319,'2017',19,5030,'2016-11-12','B\r'),
	(320,'2017',19,5060,'2016-11-02','B+\r'),
	(321,'2017',19,5244,'2016-11-12','B\r'),
	(322,'2017',19,5030,'2016-11-02','B\r'),
	(323,'2017',19,5044,'2016-11-16','A-\r'),
	(324,'2017',19,5006,'2016-11-06','B\r'),
	(325,'2017',19,5085,'2016-11-20','C-\r'),
	(326,'2017',20,5204,'2016-11-02','B\r'),
	(327,'2017',20,5025,'2016-11-06','A\r'),
	(328,'2017',20,5011,'2016-11-01','A\r'),
	(329,'2017',20,5164,'2016-11-06','C-\r'),
	(330,'2017',20,5323,'2016-11-20','C\r'),
	(331,'2017',20,5030,'2016-11-02','B+\r'),
	(332,'2017',20,5325,'2016-11-06','C-\r'),
	(333,'2017',20,5014,'2016-11-01','C-\r'),
	(334,'2017',20,5029,'2016-11-06','C\r'),
	(335,'2017',20,5054,'2016-11-20','B\r'),
	(336,'2017',20,5004,'2016-11-07','B+\r'),
	(337,'2017',20,5119,'2016-11-02','C\r'),
	(338,'2017',20,5081,'2016-11-16','B\r'),
	(339,'2017',20,5009,'2016-11-12','B+\r'),
	(340,'2017',20,5202,'2016-11-16','B\r'),
	(341,'2017',20,5321,'2016-11-01','A\r'),
	(342,'2017',20,5010,'2016-11-12','A-\r'),
	(343,'2017',20,5081,'2016-11-12','A\r'),
	(344,'2017',20,5009,'2016-11-02','A-\r'),
	(345,'2017',20,5162,'2016-11-02','B\r'),
	(346,'2017',20,5057,'2016-11-16','B\r'),
	(347,'2017',21,5160,'2016-11-01','A\r'),
	(348,'2017',21,5009,'2016-11-12','B\r'),
	(349,'2017',21,5162,'2016-11-07','B\r'),
	(350,'2017',21,5023,'2016-11-16','C\r'),
	(351,'2017',21,5010,'2016-11-02','A\r'),
	(352,'2017',21,5204,'2016-11-06','B\r'),
	(353,'2017',21,5059,'2016-11-12','A-\r'),
	(354,'2017',21,5162,'2016-11-20','B+\r'),
	(355,'2017',21,5200,'2016-11-02','C-\r'),
	(356,'2017',21,5043,'2016-11-12','A\r'),
	(357,'2017',21,5122,'2016-11-20','B+\r'),
	(358,'2017',21,5013,'2016-11-02','B+\r'),
	(359,'2017',21,5008,'2016-11-12','B\r'),
	(360,'2017',21,5002,'2016-11-20','A\r'),
	(361,'2017',21,5081,'2016-11-02','A\r'),
	(362,'2017',21,5200,'2016-11-12','B\r'),
	(363,'2017',21,5021,'2016-11-20','C\r'),
	(364,'2017',22,5008,'2016-11-01','B\r'),
	(365,'2017',22,5202,'2016-11-20','B+\r'),
	(366,'2017',22,5057,'2016-11-12','B\r'),
	(367,'2017',22,5030,'2016-11-06','F\r'),
	(368,'2017',22,5055,'2016-11-01','B\r'),
	(369,'2017',22,5005,'2016-11-20','B+\r'),
	(370,'2017',22,5081,'2016-11-07','B+\r'),
	(371,'2017',22,5009,'2017-11-09','B\r'),
	(372,'2017',22,5162,'2016-11-01','B\r'),
	(373,'2017',22,5065,'2016-11-16','A\r'),
	(374,'2017',22,5032,'2016-11-02','B\r'),
	(375,'2017',22,5057,'2017-11-10','A\r'),
	(376,'2017',22,5241,'2016-11-01','A-\r'),
	(377,'2017',22,5027,'2016-11-16','C-\r'),
	(378,'2017',22,5041,'2016-11-01','B\r'),
	(379,'2017',22,5003,'2017-11-12','B+\r'),
	(380,'2017',22,5122,'2016-11-06','A\r'),
	(381,'2017',22,5241,'2016-11-01','A-\r'),
	(382,'2017',22,5027,'2016-11-07','A\r'),
	(383,'2017',22,5011,'2016-11-06','A-\r'),
	(384,'2017',22,5201,'2016-11-02','B+\r'),
	(385,'2017',22,5320,'2016-11-01','C\r'),
	(386,'2017',22,5027,'2016-11-06','C-\r'),
	(387,'2017',23,5322,'2016-11-02','C\r'),
	(388,'2017',23,5011,'2016-11-01','A\r'),
	(389,'2017',23,5082,'2016-11-06','A\r'),
	(390,'2017',23,5013,'2016-11-02','C-\r'),
	(391,'2017',23,5203,'2016-11-01','B\r'),
	(392,'2017',23,5082,'2016-11-06','B+\r'),
	(393,'2017',23,5010,'2016-11-01','B\r'),
	(394,'2017',23,5163,'2016-11-02','C-\r'),
	(395,'2017',23,5066,'2016-11-03','B\r'),
	(396,'2017',23,5033,'2017-11-25','B\r'),
	(397,'2017',23,5058,'2016-11-06','C\r'),
	(398,'2017',23,5008,'2016-11-06','A-\r'),
	(399,'2017',23,5123,'2016-11-07','B+\r'),
	(400,'2017',24,5165,'2016-11-02','B\r'),
	(401,'2017',24,5021,'2016-11-03','A\r'),
	(402,'2017',24,5246,'2016-11-06','C\r'),
	(403,'2017',24,5009,'2016-11-06','C-\r'),
	(404,'2017',24,5046,'2016-11-07','B\r'),
	(405,'2017',24,5125,'2016-11-02','B\r'),
	(406,'2017',24,5016,'2016-11-03','B+\r'),
	(407,'2017',24,5206,'2016-11-06','B+\r'),
	(408,'2017',24,5085,'2016-11-06','A\r'),
	(409,'2017',24,5204,'2016-11-07','A-\r'),
	(410,'2017',24,5021,'2016-11-06','B\r'),
	(411,'2017',24,5246,'2016-11-06','B\r'),
	(412,'2017',24,5032,'2016-11-07','A\r'),
	(413,'2017',25,5046,'2016-11-02','C\r'),
	(414,'2017',25,5008,'2016-11-03','C-\r'),
	(415,'2017',25,5087,'2016-11-06','A\r'),
	(416,'2017',25,5206,'2016-11-06','B\r'),
	(417,'2017',25,5208,'2016-11-07','A\r'),
	(418,'2017',25,5063,'2016-11-07','A-\r'),
	(419,'2017',25,5166,'2016-11-01','B+\r'),
	(420,'2017',25,5027,'2016-11-20','B+\r'),
	(421,'2017',25,5014,'2016-11-02','C\r'),
	(422,'2017',25,5208,'2016-11-06','B+\r'),
	(423,'2017',25,5063,'2016-11-01','B\r'),
	(424,'2017',25,5036,'2017-11-21','A\r'),
	(425,'2017',26,5061,'2016-11-01','B+\r'),
	(426,'2017',26,5011,'2017-11-22','B\r'),
	(427,'2017',26,5063,'2016-11-02','C-\r'),
	(428,'2017',26,5013,'2016-11-07','B+\r'),
	(429,'2017',26,5128,'2016-11-12','B\r'),
	(430,'2017',26,5121,'2016-11-01','B\r'),
	(431,'2017',26,5200,'2017-11-27','B\r'),
	(432,'2017',26,5021,'2016-11-07','C-\r'),
	(433,'2017',26,5007,'2016-11-02','A-\r'),
	(434,'2017',27,5243,'2016-11-20','A\r'),
	(435,'2017',27,5029,'2016-11-01','C\r'),
	(436,'2017',27,5043,'2016-11-01','B+\r'),
	(437,'2017',27,5005,'2016-11-03','A\r'),
	(438,'2017',27,5084,'2016-11-20','A-\r'),
	(439,'2017',27,5203,'2016-11-20','B\r'),
	(440,'2017',28,5014,'2016-11-01','A\r'),
	(441,'2017',28,5019,'2016-11-01','B+\r'),
	(442,'2017',28,5024,'2016-11-03','B\r'),
	(443,'2017',28,5029,'2016-11-20','B+\r'),
	(444,'2017',28,5034,'2016-11-20','A-\r'),
	(445,'2017',28,5012,'2016-11-01','B\r'),
	(446,'2017',28,5044,'2017-11-29','F\r'),
	(447,'2017',29,5060,'2016-11-01','C-\r'),
	(448,'2017',29,5084,'2017-11-26','C\r'),
	(449,'2017',29,5124,'2016-11-01','C\r'),
	(450,'2017',29,5204,'2016-11-16','B\r'),
	(451,'2017',29,5008,'2016-11-01','A\r'),
	(452,'2017',29,5010,'2016-11-02','B\r'),
	(453,'2017',29,5013,'2016-11-16','A\r'),
	(454,'2017',30,5018,'2016-11-01','B+\r'),
	(455,'2017',30,5023,'2016-11-01','B+\r'),
	(456,'2017',30,5028,'2016-11-01','A\r'),
	(457,'2017',30,5033,'2016-11-16','C-\r'),
	(458,'2017',30,5011,'2016-11-12','A-\r'),
	(459,'2017',30,5043,'2016-11-01','B\r'),
	(460,'2017',30,5083,'2016-11-02','A\r'),
	(461,'2017',30,5123,'2016-11-12','B\r'),
	(462,'2017',30,5163,'2016-11-01','C\r'),
	(463,'2017',30,5203,'2016-11-12','B+\r'),
	(464,'2017',30,5243,'2016-11-01','B\r'),
	(465,'2017',30,5010,'2016-11-01','B+\r'),
	(466,'2017',30,5042,'2016-11-16','C-\r'),
	(467,'2017',30,5058,'2016-11-01','B\r'),
	(468,'2017',30,5082,'2016-11-01','A-\r'),
	(469,'2017',31,5122,'2016-11-20','A-\r'),
	(470,'2017',31,5202,'2016-11-01','A\r'),
	(471,'2017',31,5242,'2016-11-01','C\r'),
	(472,'2017',31,5066,'2016-11-01','B+\r'),
	(473,'2017',31,5322,'2016-11-01','B\r'),
	(474,'2017',31,5100,'2016-11-01','C-\r'),
	(475,'2017',31,5204,'2016-11-01','B+\r'),
	(476,'2017',31,5004,'2016-11-01','B\r'),
	(477,'2017',31,5008,'2016-11-01','B\r'),
	(478,'2017',31,5005,'2016-11-01','A\r'),
	(479,'2017',31,5009,'2016-11-16','A\r'),
	(480,'2017',32,5014,'2016-11-01','A\r'),
	(481,'2017',32,5019,'2016-11-20','A\r'),
	(482,'2017',32,5024,'2016-11-02','B\r'),
	(483,'2017',32,5029,'2016-11-12','B\r'),
	(484,'2017',32,5034,'2016-11-01','B+\r'),
	(485,'2017',32,5012,'2016-11-01','B+\r'),
	(486,'2017',32,5044,'2016-11-20','C-\r'),
	(487,'2017',32,5060,'2016-11-02','B+\r'),
	(488,'2017',32,5084,'2016-11-20','A-\r'),
	(489,'2017',32,5124,'2016-11-07','B\r'),
	(490,'2017',32,5204,'2016-11-01','B\r'),
	(491,'2017',32,5244,'2016-11-20','C\r'),
	(492,'2017',33,5068,'2016-11-12','A-\r'),
	(493,'2017',33,5324,'2016-11-01','B+\r'),
	(494,'2017',33,5049,'2016-11-02','A-\r'),
	(495,'2017',33,5206,'2016-11-01','B+\r'),
	(496,'2017',33,5006,'2016-11-02','B\r'),
	(497,'2017',33,5010,'2016-11-06','B\r'),
	(498,'2017',33,5012,'2016-11-02','B\r'),
	(499,'2017',33,5015,'2016-11-16','C-\r'),
	(500,'2017',33,5030,'2016-11-20','B+\r'),
	(501,'2017',33,5035,'2016-11-01','C-\r'),
	(502,'2017',33,5013,'2016-11-07','B\r'),
	(503,'2017',33,5045,'2016-11-13','A\r'),
	(504,'2017',33,5061,'2016-11-02','B\r'),
	(505,'2017',33,5085,'2016-11-20','A\r'),
	(506,'2017',33,5125,'2016-11-07','C-\r'),
	(507,'2017',33,5165,'2016-11-02','C\r'),
	(508,'2017',33,5205,'2016-11-20','B\r'),
	(509,'2017',34,5245,'2016-11-12','B+\r'),
	(510,'2017',34,5044,'2016-11-02','A\r'),
	(511,'2017',34,5060,'2016-11-20','A-\r'),
	(512,'2017',34,5084,'2016-11-20','F\r'),
	(513,'2017',34,5124,'2016-11-02','B+\r'),
	(514,'2017',34,5164,'2016-11-12','A\r'),
	(515,'2017',34,5204,'2016-11-16','B\r'),
	(516,'2017',34,5244,'2016-11-02','B+\r'),
	(517,'2017',34,5068,'2017-11-12','A\r'),
	(518,'2017',34,5324,'2016-11-02','B\r'),
	(519,'2017',34,5299,'2016-11-02','B\r'),
	(520,'2017',34,5006,'2016-11-20','C\r'),
	(521,'2017',35,5010,'2016-11-02','A-\r'),
	(522,'2017',35,5012,'2016-11-20','C\r'),
	(523,'2017',35,5015,'2016-11-06','A\r'),
	(524,'2017',35,5020,'2016-11-02','C-\r'),
	(525,'2017',35,5025,'2016-11-02','C\r'),
	(526,'2017',35,5030,'2016-11-06','A\r'),
	(527,'2017',35,5035,'2016-11-02','A\r'),
	(528,'2017',35,5013,'2016-11-03','C-\r'),
	(529,'2017',35,5045,'2016-11-16','B+\r'),
	(530,'2017',35,5085,'2016-11-02','B\r'),
	(531,'2017',35,5125,'2016-11-03','B\r'),
	(532,'2017',36,5165,'2016-11-20','B\r'),
	(533,'2017',36,5205,'2016-11-03','B+\r'),
	(534,'2017',36,5245,'2016-11-20','B\r'),
	(535,'2017',36,5012,'2016-11-12','B+\r'),
	(536,'2017',36,5044,'2016-11-02','A\r'),
	(537,'2017',36,5060,'2016-11-07','A\r'),
	(538,'2017',36,5084,'2016-11-03','A-\r'),
	(539,'2017',36,5124,'2016-11-02','C\r'),
	(540,'2017',36,5204,'2016-11-20','B\r'),
	(541,'2017',36,5044,'2016-11-02','B+\r'),
	(542,'2017',36,5060,'2016-11-03','C-\r'),
	(543,'2017',36,5084,'2016-11-01','B\r'),
	(544,'2017',36,5124,'2016-11-02','B+\r'),
	(545,'2017',36,5164,'2016-11-16','A-\r'),
	(546,'2017',36,5204,'2016-11-02','A\r'),
	(547,'2017',36,5244,'2016-11-03','C-\r'),
	(548,'2017',36,5068,'2017-11-11','B\r'),
	(549,'2017',36,5324,'2016-11-02','B\r'),
	(550,'2017',37,5206,'2016-11-03','A\r'),
	(551,'2017',37,5006,'2016-11-16','A-\r'),
	(552,'2017',37,5010,'2016-11-02','B\r'),
	(553,'2017',37,5012,'2016-11-03','B\r'),
	(554,'2017',37,5015,'2017-11-12','A-\r'),
	(555,'2017',37,5020,'2016-11-04','B+\r'),
	(556,'2017',37,5025,'2016-11-05','C\r'),
	(557,'2017',37,5030,'2016-11-16','B+\r'),
	(558,'2017',37,5035,'2016-11-02','A\r'),
	(559,'2017',37,5013,'2016-11-03','A\r'),
	(560,'2017',37,5061,'2017-11-13','A\r'),
	(561,'2017',37,5085,'2016-11-06','A\r'),
	(562,'2017',37,5125,'2016-11-07','C\r'),
	(563,'2017',37,5165,'2016-11-16','B\r'),
	(564,'2017',37,5205,'2016-11-02','C-\r'),
	(565,'2017',37,5245,'2016-11-03','B\r'),
	(566,'2017',37,5012,'2017-11-14','B\r'),
	(567,'2017',37,5044,'2016-11-08','C-\r'),
	(568,'2017',37,5060,'2016-11-09','C\r'),
	(569,'2017',37,5084,'2016-11-02','B+\r'),
	(570,'2017',38,5164,'2016-11-03','F\r'),
	(571,'2017',38,5204,'2016-11-12','B+\r'),
	(572,'2017',38,5244,'2016-11-07','B\r'),
	(573,'2017',38,5068,'2016-11-03','C\r'),
	(574,'2017',38,5324,'2016-11-07','A\r'),
	(575,'2017',38,5367,'2016-11-12','B\r'),
	(576,'2017',38,5206,'2016-11-07','A\r'),
	(577,'2017',38,5006,'2016-11-03','B+\r'),
	(578,'2017',38,5010,'2016-11-07','B\r'),
	(579,'2017',38,5012,'2016-11-03','B\r'),
	(580,'2017',38,5020,'2016-11-20','B\r'),
	(581,'2017',38,5025,'2016-11-03','A\r'),
	(582,'2017',38,5030,'2016-11-16','A-\r'),
	(583,'2017',38,5035,'2016-11-06','B\r'),
	(584,'2017',38,5013,'2016-11-02','C-\r'),
	(585,'2017',38,5045,'2016-11-03','B+\r'),
	(586,'2017',39,5061,'2016-11-06','A-\r'),
	(587,'2017',39,5085,'2016-11-12','C\r'),
	(588,'2017',39,5125,'2016-11-03','B+\r'),
	(589,'2017',39,5165,'2016-11-03','B+\r'),
	(590,'2017',39,5245,'2016-11-03','B+\r'),
	(591,'2017',39,5012,'2016-11-20','B\r'),
	(592,'2017',39,5044,'2017-11-23','A\r'),
	(593,'2017',39,5060,'2016-11-03','C-\r'),
	(594,'2017',39,5084,'2016-11-07','A\r'),
	(595,'2017',39,5124,'2016-11-16','B\r'),
	(596,'2017',39,5164,'2016-11-03','B+\r'),
	(597,'2017',39,5204,'2016-11-03','B\r'),
	(598,'2017',39,5244,'2016-11-03','B\r'),
	(599,'2017',39,5068,'2016-11-07','C-\r'),
	(600,'2017',39,5206,'2016-11-03','A-\r'),
	(601,'2017',39,5006,'2016-11-20','B\r'),
	(602,'2017',39,5010,'2016-11-03','C\r'),
	(603,'2017',39,5012,'2016-11-03','A\r'),
	(604,'2017',40,5015,'2016-11-20','A\r'),
	(605,'2017',40,5020,'2016-11-03','B\r'),
	(606,'2017',40,5025,'2016-11-03','A-\r'),
	(607,'2017',40,5030,'2016-11-20','B+\r'),
	(608,'2017',40,5035,'2016-11-03','B\r'),
	(609,'2017',40,5013,'2016-11-03','B\r'),
	(610,'2017',40,5061,'2016-11-20','A\r'),
	(611,'2017',40,5085,'2016-11-03','C\r'),
	(612,'2017',40,5125,'2016-11-03','A\r'),
	(613,'2017',40,5165,'2016-11-20','B+\r'),
	(614,'2017',41,5205,'2016-11-03','B+\r'),
	(615,'2017',41,5009,'2016-11-03','A\r'),
	(616,'2017',41,5011,'2016-11-20','A\r'),
	(617,'2017',41,5014,'2016-11-03','B+\r'),
	(618,'2017',41,5019,'2016-11-03','A\r'),
	(619,'2017',41,5024,'2016-11-03','A-\r'),
	(620,'2017',41,5034,'2016-11-20','B+\r'),
	(621,'2017',41,5012,'2016-11-12','C-\r'),
	(622,'2017',41,5044,'2016-11-03','B\r'),
	(623,'2017',41,5060,'2016-11-06','B\r'),
	(624,'2017',41,5084,'2016-11-06','B\r'),
	(625,'2017',41,5124,'2016-11-12','C\r'),
	(626,'2017',41,5164,'2016-11-12','C-\r'),
	(627,'2017',41,5204,'2016-11-07','C\r'),
	(628,'2017',41,5244,'2016-11-02','B\r'),
	(629,'2017',41,5011,'2016-11-06','A-\r'),
	(630,'2017',42,5059,'2016-11-16','C-\r'),
	(631,'2017',42,5083,'2016-11-07','A\r'),
	(632,'2017',42,5123,'2016-11-07','A\r'),
	(633,'2017',42,5163,'2016-11-01','C\r'),
	(634,'2017',42,5203,'2016-11-16','B+\r'),
	(635,'2017',42,5243,'2016-11-12','C\r'),
	(636,'2017',42,5067,'2016-11-01','B\r'),
	(637,'2017',42,5323,'2016-11-16','B\r'),
	(638,'2017',42,5012,'2016-11-12','B\r'),
	(639,'2017',42,5205,'2016-11-01','B\r'),
	(640,'2017',42,5009,'2016-11-16','C-\r'),
	(641,'2017',42,5006,'2016-11-12','B+\r'),
	(642,'2017',42,5010,'2016-11-02','F\r'),
	(643,'2017',42,5012,'2016-11-06','A\r'),
	(644,'2017',42,5015,'2016-11-07','B\r'),
	(645,'2017',42,5020,'2016-11-03','A-\r'),
	(646,'2017',43,5025,'2016-11-02','B\r'),
	(647,'2017',43,5030,'2016-11-03','B+\r'),
	(648,'2017',43,5035,'2016-11-16','B\r'),
	(649,'2017',43,5013,'2016-11-07','B+\r'),
	(650,'2017',43,5061,'2016-11-01','B\r'),
	(651,'2017',43,5085,'2016-11-12','A-\r'),
	(652,'2017',43,5125,'2016-11-03','B+\r'),
	(653,'2017',43,5165,'2016-11-02','A\r'),
	(654,'2017',43,5205,'2016-11-06','C-\r'),
	(655,'2017',44,5245,'2016-11-20','C\r'),
	(656,'2017',44,5069,'2016-11-07','B\r'),
	(657,'2017',44,5325,'2016-11-01','A\r'),
	(658,'2017',44,5006,'2016-11-01','A\r'),
	(659,'2017',44,5207,'2016-11-03','A-\r'),
	(660,'2017',44,5011,'2016-11-02','C-\r'),
	(661,'2017',44,5013,'2016-11-06','A\r'),
	(662,'2017',44,5016,'2016-11-01','B\r'),
	(663,'2017',44,5021,'2016-11-01','B\r'),
	(664,'2017',44,5026,'2016-11-03','B+\r'),
	(665,'2017',44,5031,'2016-11-02','B\r'),
	(666,'2017',45,5036,'2016-11-06','C-\r'),
	(667,'2017',45,5014,'2016-11-01','B+\r'),
	(668,'2017',45,5046,'2016-11-01','C\r'),
	(669,'2017',45,5062,'2016-11-03','B+\r'),
	(670,'2017',45,5126,'2016-11-01','C\r'),
	(671,'2017',45,5166,'2016-11-07','C-\r'),
	(672,'2017',45,5206,'2016-11-01','A-\r'),
	(673,'2017',45,5246,'2016-11-02','A\r'),
	(674,'2017',45,5014,'2016-11-01','B\r'),
	(675,'2017',45,5019,'2016-11-02','A\r'),
	(676,'2017',45,5024,'2017-11-08','A-\r'),
	(677,'2017',45,5029,'2016-11-01','B+\r'),
	(678,'2017',45,5007,'2016-11-01','B\r'),
	(679,'2017',45,5039,'2016-11-02','A\r'),
	(680,'2017',46,5079,'2016-11-06','B+\r'),
	(681,'2017',46,5119,'2016-11-01','A-\r'),
	(682,'2017',46,5159,'2016-11-02','B\r'),
	(683,'2017',46,5199,'2016-11-12','B\r'),
	(684,'2017',46,5239,'2016-11-01','C-\r'),
	(685,'2017',46,5006,'2016-11-16','F\r'),
	(686,'2017',46,5038,'2016-11-02','B\r'),
	(687,'2017',46,5054,'2016-11-01','B\r'),
	(688,'2017',46,5078,'2016-11-20','B+\r'),
	(689,'2017',46,5118,'2016-11-01','C-\r'),
	(690,'2017',46,5198,'2016-11-03','A\r'),
	(691,'2017',46,5238,'2016-11-12','B+\r'),
	(692,'2017',46,5062,'2016-11-02','C\r'),
	(693,'2017',46,5318,'2016-11-06','B\r'),
	(694,'2017',46,5397,'2016-11-01','A\r'),
	(695,'2017',46,5200,'2016-11-12','B\r'),
	(696,'2017',47,5001,'2016-11-02','B+\r'),
	(697,'2017',47,5004,'2016-11-01','B\r'),
	(698,'2017',47,5006,'2016-11-20','B\r'),
	(699,'2017',47,5009,'2016-11-02','B+\r'),
	(700,'2017',47,5024,'2016-11-16','A\r'),
	(701,'2017',47,5029,'2016-11-01','A\r'),
	(702,'2017',47,5007,'2017-11-03','A-\r'),
	(703,'2017',47,5039,'2016-11-01','B+\r'),
	(704,'2017',47,5055,'2016-11-16','C\r'),
	(705,'2017',47,5079,'2016-11-01','B\r'),
	(706,'2017',47,5119,'2016-11-07','B+\r'),
	(707,'2017',47,5159,'2016-11-01','B\r'),
	(708,'2017',47,5199,'2017-11-07','C\r'),
	(709,'2017',47,5003,'2016-11-01','C-\r'),
	(710,'2017',47,5008,'2016-11-20','A-\r'),
	(711,'2017',47,5013,'2016-11-01','B\r'),
	(712,'2017',47,5018,'2016-11-12','A\r'),
	(713,'2017',47,5023,'2016-11-02','A\r'),
	(714,'2017',48,5028,'2016-11-12','B\r'),
	(715,'2017',48,5057,'2016-11-01','B\r'),
	(716,'2017',48,5081,'2016-11-02','A-\r'),
	(717,'2017',48,5121,'2016-11-06','B+\r'),
	(718,'2017',48,5161,'2017-11-11','B\r'),
	(719,'2017',48,5201,'2016-11-01','B+\r'),
	(720,'2017',48,5065,'2016-11-20','A-\r'),
	(721,'2017',48,5321,'2016-11-01','C\r'),
	(722,'2017',48,5056,'2016-11-02','B+\r'),
	(723,'2017',48,5203,'2016-11-03','C\r'),
	(724,'2017',48,5003,'2016-11-04','B\r'),
	(725,'2017',48,5007,'2016-11-01','B+\r'),
	(726,'2017',48,5009,'2017-11-13','C-\r'),
	(727,'2017',48,5012,'2016-11-07','A\r'),
	(728,'2017',48,5017,'2016-11-02','C-\r'),
	(729,'2017',48,5022,'2016-11-16','A\r'),
	(730,'2017',48,5032,'2016-11-02','A\r'),
	(731,'2017',48,5010,'2016-11-06','B\r'),
	(732,'2017',48,5042,'2016-11-01','B\r'),
	(733,'2017',48,5058,'2016-11-02','B\r'),
	(734,'2017',48,5082,'2016-11-06','C-\r'),
	(735,'2017',49,5122,'2016-11-07','A\r'),
	(736,'2017',49,5162,'2016-11-02','C\r'),
	(737,'2017',49,5202,'2016-11-02','C\r'),
	(738,'2017',49,5242,'2016-11-06','B\r'),
	(739,'2017',49,5009,'2016-11-10','B\r'),
	(740,'2017',49,5057,'2016-11-14','A\r'),
	(741,'2017',49,5081,'2016-11-02','B\r'),
	(742,'2017',49,5121,'2016-11-06','A\r'),
	(743,'2017',49,5161,'2016-11-02','B+\r'),
	(744,'2017',49,5201,'2016-11-02','A\r'),
	(745,'2017',49,5241,'2016-11-06','C-\r'),
	(746,'2017',49,5065,'2016-11-01','A-\r'),
	(747,'2017',49,5321,'2016-11-02','B\r'),
	(748,'2017',49,5068,'2016-11-16','C\r'),
	(749,'2017',49,5203,'2016-11-02','B+\r'),
	(750,'2017',49,5007,'2016-11-03','B\r'),
	(751,'2017',50,5009,'2016-11-04','B+\r'),
	(752,'2017',50,5012,'2016-11-01','F\r'),
	(753,'2017',50,5017,'2016-11-06','C\r'),
	(754,'2017',50,5022,'2016-11-20','B\r'),
	(755,'2017',50,5027,'2016-11-03','B\r'),
	(756,'2017',50,5032,'2016-11-07','B\r'),
	(757,'2017',50,5010,'2016-11-11','A\r'),
	(758,'2017',50,5042,'2016-11-15','A-\r'),
	(759,'2017',50,5058,'2016-11-19','C-\r'),
	(760,'2017',50,5122,'2016-11-23','A\r'),
	(761,'2017',51,5162,'2016-11-03','B\r'),
	(762,'2017',51,5202,'2016-11-04','B+\r'),
	(763,'2017',51,5242,'2016-11-05','A\r'),
	(764,'2017',51,5009,'2016-11-06','C-\r'),
	(765,'2017',51,5041,'2016-11-12','A\r'),
	(766,'2017',51,5057,'2016-11-03','B\r'),
	(767,'2017',51,5081,'2016-11-07','A-\r'),
	(768,'2017',51,5121,'2016-11-03','C\r'),
	(769,'2017',52,5161,'2016-11-20','C-\r'),
	(770,'2017',52,5241,'2016-11-12','B\r'),
	(771,'2017',52,5065,'2016-11-16','B\r'),
	(772,'2017',52,5321,'2016-11-03','A-\r'),
	(773,'2017',52,5080,'2016-11-20','A-\r'),
	(774,'2017',52,5203,'2016-11-02','B\r'),
	(775,'2017',52,5003,'2016-11-16','B+\r'),
	(776,'2017',52,5007,'2016-11-03','C-\r'),
	(777,'2017',52,5009,'2017-11-28','A\r'),
	(778,'2017',52,5012,'2016-11-07','B\r'),
	(779,'2017',52,5017,'2016-11-03','B+\r'),
	(780,'2017',52,5027,'2016-11-01','B+\r'),
	(781,'2017',52,5032,'2016-11-05','C\r'),
	(782,'2017',52,5010,'2016-11-09','B+\r'),
	(783,'2017',52,5042,'2016-11-13','A\r'),
	(784,'2017',53,5058,'2016-11-17','B+\r'),
	(785,'2017',53,5082,'2017-11-30','B+\r'),
	(786,'2017',53,5122,'2016-11-07','B\r'),
	(787,'2017',53,5162,'2016-11-02','B\r'),
	(788,'2017',53,5202,'2016-11-02','A\r'),
	(789,'2017',53,5006,'2016-11-16','B\r'),
	(790,'2017',53,5011,'2016-11-01','B+\r'),
	(791,'2017',53,5016,'2016-11-14','A\r'),
	(792,'2017',53,5021,'2016-11-12','A\r'),
	(793,'2017',53,5026,'2016-11-02','A-\r'),
	(794,'2017',53,5031,'2016-11-20','B\r'),
	(795,'2017',53,5009,'2016-11-12','C\r'),
	(796,'2017',53,5041,'2017-11-24','B\r'),
	(797,'2017',53,5057,'2016-11-03','C-\r'),
	(798,'2017',53,5081,'2016-11-12','B+\r'),
	(799,'2017',53,5121,'2016-11-12','B\r'),
	(800,'2017',53,5241,'2016-11-16','A-\r'),
	(801,'2017',53,5008,'2016-11-20','B\r'),
	(802,'2017',54,5040,'2016-11-07','B+\r'),
	(803,'2017',54,5056,'2016-11-07','B\r'),
	(804,'2017',54,5080,'2017-11-25','B+\r'),
	(805,'2017',54,5120,'2016-11-02','C\r'),
	(806,'2017',54,5160,'2016-11-07','B\r'),
	(807,'2017',54,5200,'2016-11-16','A\r'),
	(808,'2017',54,5240,'2016-11-06','B\r'),
	(809,'2017',54,5064,'2016-11-20','A\r'),
	(810,'2017',54,5399,'2016-11-01','B\r'),
	(811,'2017',54,5202,'2016-11-02','B+\r'),
	(812,'2017',54,5002,'2016-11-12','A-\r'),
	(813,'2017',54,5006,'2016-11-12','A\r'),
	(814,'2017',54,5003,'2016-11-01','C-\r'),
	(815,'2017',54,5007,'2016-11-07','C-\r'),
	(816,'2017',54,5009,'2016-11-12','C\r'),
	(817,'2017',55,5012,'2016-11-07','B\r'),
	(818,'2017',55,5017,'2016-11-12','C\r'),
	(819,'2017',55,5022,'2016-11-12','B+\r'),
	(820,'2017',55,5032,'2016-11-07','B+\r'),
	(821,'2017',55,5010,'2016-11-12','B\r'),
	(822,'2017',55,5042,'2016-11-16','B\r'),
	(823,'2017',55,5058,'2016-11-01','C-\r'),
	(824,'2017',55,5082,'2016-11-16','A\r'),
	(825,'2017',55,5122,'2016-11-06','A-\r'),
	(826,'2017',56,5162,'2016-11-01','B\r'),
	(827,'2017',56,5202,'2016-11-07','C-\r'),
	(828,'2017',56,5242,'2016-11-07','C\r'),
	(829,'2017',56,5066,'2016-11-01','A\r'),
	(830,'2017',56,5050,'2016-11-02','A\r'),
	(831,'2017',56,5204,'2016-11-03','B\r'),
	(832,'2017',56,5004,'2016-11-04','A-\r'),
	(833,'2017',56,5008,'2016-11-05','F\r'),
	(834,'2017',56,5010,'2016-11-06','A\r'),
	(835,'2017',56,5013,'2016-11-07','F\r'),
	(836,'2017',56,5018,'2016-11-01','B\r'),
	(837,'2017',56,5023,'2016-11-01','B+\r'),
	(838,'2017',57,5028,'2016-11-02','C\r'),
	(839,'2017',57,5033,'2016-11-01','B+\r'),
	(840,'2017',57,5043,'2016-11-12','A-\r'),
	(841,'2017',57,5059,'2016-11-07','B\r'),
	(842,'2017',57,5083,'2016-11-08','A\r'),
	(843,'2017',57,5123,'2016-11-09','C-\r'),
	(844,'2017',57,5163,'2016-11-10','B\r'),
	(845,'2017',57,5203,'2016-11-11','B+\r'),
	(846,'2017',57,5243,'2016-11-20','C\r'),
	(847,'2017',57,5010,'2016-11-06','B\r'),
	(848,'2017',57,5042,'2016-11-01','A\r'),
	(849,'2017',57,5058,'2016-11-02','B\r'),
	(850,'2017',57,5122,'2016-11-01','B+\r'),
	(851,'2017',57,5162,'2016-11-02','B+\r'),
	(852,'2017',57,5202,'2016-11-01','A-\r'),
	(853,'2017',57,5242,'2016-11-20','B\r'),
	(854,'2017',57,5066,'2016-11-02','B+\r'),
	(855,'2017',57,5322,'2016-11-02','A\r'),
	(856,'2017',57,5025,'2016-11-02','B\r'),
	(857,'2017',57,5204,'2016-11-06','C-\r'),
	(858,'2017',57,5004,'2016-11-16','A\r'),
	(859,'2017',57,5008,'2016-11-01','B\r'),
	(860,'2017',58,5013,'2016-11-02','B+\r'),
	(861,'2017',58,5018,'2016-11-06','B\r'),
	(862,'2017',58,5023,'2016-11-12','A-\r'),
	(863,'2017',58,5028,'2016-11-02','A-\r'),
	(864,'2017',58,5033,'2016-11-06','A\r'),
	(865,'2017',58,5011,'2016-11-12','A\r'),
	(866,'2017',58,5043,'2016-11-02','C-\r'),
	(867,'2017',58,5059,'2016-11-06','A\r'),
	(868,'2017',58,5083,'2016-11-01','B\r'),
	(869,'2017',58,5123,'2016-11-02','B+\r'),
	(870,'2017',58,5203,'2016-11-07','B\r'),
	(871,'2017',58,5243,'2016-11-07','B\r'),
	(872,'2017',58,5010,'2017-11-20','B\r'),
	(873,'2017',58,5042,'2016-11-16','A-\r'),
	(874,'2017',58,5058,'2016-11-02','B\r'),
	(875,'2017',58,5082,'2016-11-02','B\r'),
	(876,'2017',58,5122,'2016-11-12','A\r'),
	(877,'2017',58,5162,'2016-11-01','B+\r'),
	(878,'2017',58,5202,'2017-11-06','B+\r'),
	(879,'2017',58,5042,'2016-11-20','C\r'),
	(880,'2017',58,5082,'2016-11-02','B\r'),
	(881,'2017',58,5122,'2016-11-16','C\r'),
	(882,'2017',58,5162,'2017-11-05','C-\r'),
	(883,'2017',58,5202,'2016-11-02','C\r'),
	(884,'2017',58,5242,'2016-11-20','B+\r'),
	(885,'2017',58,5066,'2016-11-21','C-\r'),
	(886,'2017',58,5322,'2016-11-22','A\r'),
	(887,'2017',58,5372,'2016-11-23','A\r'),
	(888,'2017',59,5204,'2016-11-24','A\r'),
	(889,'2017',59,5004,'2016-11-02','A\r'),
	(890,'2017',59,5010,'2016-11-02','B+\r'),
	(891,'2017',59,5013,'2016-11-02','B\r'),
	(892,'2017',59,5018,'2016-11-06','C\r'),
	(893,'2017',59,5023,'2016-11-02','C-\r'),
	(894,'2017',59,5028,'2016-11-16','C-\r'),
	(895,'2017',59,5033,'2016-11-01','F\r'),
	(896,'2017',59,5011,'2016-11-12','B\r'),
	(897,'2017',59,5043,'2016-11-20','B+\r'),
	(898,'2017',59,5059,'2016-11-01','B+\r'),
	(899,'2017',59,5083,'2016-11-07','B\r'),
	(900,'2017',59,5203,'2016-11-02','B\r'),
	(901,'2017',59,5243,'2016-11-02','A\r'),
	(902,'2017',59,5010,'2016-11-06','B\r'),
	(903,'2017',59,5042,'2016-11-12','A-\r'),
	(904,'2017',59,5058,'2016-11-07','A\r'),
	(905,'2017',59,5082,'2016-11-01','C\r'),
	(906,'2017',59,5122,'2016-11-01','B+\r'),
	(907,'2017',59,5162,'2016-11-01','A-\r'),
	(908,'2017',60,5202,'2016-11-02','A\r'),
	(909,'2017',60,5242,'2016-11-20','B\r'),
	(910,'2017',60,5322,'2016-11-07','B\r'),
	(911,'2017',60,5186,'2016-11-01','A-\r'),
	(912,'2017',60,5204,'2016-11-02','A\r'),
	(913,'2017',60,5004,'2016-11-03','F\r'),
	(914,'2017',60,5008,'2016-11-12','B\r'),
	(915,'2017',60,5010,'2017-11-10','B+\r'),
	(916,'2017',60,5013,'2016-11-07','A\r'),
	(917,'2017',60,5001,'2016-11-01','C\r'),
	(918,'2017',60,5005,'2016-11-06','C-\r'),
	(919,'2017',61,5007,'2016-11-03','B\r'),
	(920,'2017',61,5015,'2017-11-04','A\r'),
	(921,'2017',61,5020,'2016-11-07','B\r'),
	(922,'2017',61,5025,'2016-11-01','B+\r'),
	(923,'2017',61,5030,'2016-11-02','B\r'),
	(924,'2017',61,5008,'2016-11-03','B\r'),
	(925,'2017',61,5040,'2016-11-04','A\r'),
	(926,'2017',61,5056,'2016-11-01','A-\r'),
	(927,'2017',61,5080,'2016-11-16','B+\r'),
	(928,'2017',61,5120,'2016-11-03','C-\r'),
	(929,'2017',61,5160,'2016-11-20','C\r'),
	(930,'2017',62,5240,'2017-11-08','B+\r'),
	(931,'2017',62,5064,'2017-11-09','B\r'),
	(932,'2017',62,5320,'2016-11-01','A-\r'),
	(933,'2017',62,5399,'2016-11-02','C\r'),
	(934,'2017',62,5202,'2016-11-06','B+\r'),
	(935,'2017',62,5002,'2016-11-03','B+\r'),
	(936,'2017',62,5006,'2016-11-01','B\r'),
	(937,'2017',62,5008,'2016-11-02','A-\r'),
	(938,'2017',62,5011,'2016-11-06','A\r'),
	(939,'2017',62,5016,'2016-11-03','A-\r'),
	(940,'2017',62,5026,'2016-11-01','B+\r'),
	(941,'2017',62,5031,'2016-11-02','A\r'),
	(942,'2017',62,5009,'2016-11-06','B\r'),
	(943,'2017',62,5041,'2016-11-03','B+\r'),
	(944,'2017',62,5057,'2016-11-12','C-\r'),
	(945,'2017',62,5081,'2016-11-01','A\r'),
	(946,'2017',62,5121,'2016-11-20','C\r'),
	(947,'2017',62,5161,'2016-11-03','C-\r'),
	(948,'2017',62,5201,'2016-11-06','B+\r'),
	(949,'2017',62,5241,'2016-11-07','B\r'),
	(950,'2017',62,5040,'2016-11-03','C\r'),
	(951,'2017',62,5056,'2016-11-06','B\r'),
	(952,'2017',62,5080,'2016-11-03','B\r'),
	(953,'2017',62,5120,'2016-11-20','A\r'),
	(954,'2017',62,5160,'2016-11-12','A\r'),
	(955,'2017',62,5200,'2016-11-02','B\r'),
	(956,'2017',63,5240,'2016-11-12','A-\r'),
	(957,'2017',63,5064,'2016-11-03','B+\r'),
	(958,'2017',63,5320,'2017-11-06','B\r'),
	(959,'2017',63,5399,'2016-11-01','C-\r'),
	(960,'2017',63,5002,'2016-11-16','A\r'),
	(961,'2017',63,5006,'2016-11-12','B+\r'),
	(962,'2017',63,5008,'2016-11-02','C-\r'),
	(963,'2017',63,5011,'2016-11-12','B\r'),
	(964,'2017',63,5016,'2016-11-03','B+\r'),
	(965,'2017',63,5021,'2017-11-28','B\r'),
	(966,'2017',63,5026,'2016-11-02','B\r'),
	(967,'2017',64,5031,'2016-11-20','B\r'),
	(968,'2017',64,5009,'2016-11-20','A\r'),
	(969,'2017',64,5041,'2016-11-02','F\r'),
	(970,'2017',64,5081,'2016-11-12','A\r'),
	(971,'2017',64,5121,'2016-11-03','A\r'),
	(972,'2017',64,5161,'2016-11-16','B\r'),
	(973,'2017',64,5201,'2016-11-06','B\r'),
	(974,'2017',64,5241,'2017-11-22','C\r'),
	(975,'2017',64,5008,'2016-11-02','A-\r'),
	(976,'2017',64,5040,'2016-11-12','B+\r'),
	(990,'2017',67,5021,'2016-11-16','A\r'),
	(991,'2017',67,5026,'2016-11-02','A\r'),
	(992,'2017',67,5031,'2016-11-07','A\r'),
	(993,'2017',67,5009,'2016-11-06','B\r'),
	(994,'2017',67,5041,'2016-11-20','B+\r'),
	(995,'2017',67,5057,'2016-11-12','B+\r'),
	(996,'2017',67,5081,'2016-11-02','B+\r'),
	(997,'2017',67,5121,'2016-11-06','A-\r'),
	(998,'2017',67,5161,'2016-11-07','F\r'),
	(999,'2017',67,5201,'2016-11-01','C-\r'),
	(1000,'2017',67,5010,'2016-11-16','B\r'),
	(1001,'2017',67,5015,'2016-11-02','C\r'),
	(1002,'2017',67,5020,'2016-11-20','B\r'),
	(1003,'2017',67,5025,'2016-11-01','B\r'),
	(1004,'2017',67,5030,'2016-11-02','B\r'),
	(1005,'2017',67,5008,'2016-11-06','B\r'),
	(1006,'2017',68,5040,'2016-11-01','A\r'),
	(1007,'2017',68,5056,'2016-11-16','B+\r'),
	(1008,'2017',68,5080,'2017-11-18','A-\r'),
	(1009,'2017',68,5120,'2016-11-03','A-\r'),
	(1010,'2017',68,5200,'2016-11-07','C\r'),
	(1011,'2017',68,5240,'2016-11-20','B\r'),
	(1012,'2017',68,5064,'2016-11-16','B\r'),
	(1013,'2017',68,5320,'2016-11-03','B+\r'),
	(1014,'2017',68,5399,'2016-11-01','B+\r'),
	(1015,'2017',68,5202,'2016-11-02','C\r'),
	(1016,'2017',68,5002,'2016-11-06','A\r'),
	(1017,'2017',68,5006,'2016-11-03','C-\r'),
	(1018,'2017',68,5008,'2016-11-07','A\r'),
	(1019,'2017',69,5011,'2016-11-16','C-\r'),
	(1020,'2017',69,5021,'2016-11-03','A\r'),
	(1021,'2017',69,5026,'2016-11-07','B+\r'),
	(1022,'2017',69,5031,'2016-11-20','B\r'),
	(1023,'2017',69,5009,'2016-11-03','A-\r'),
	(1024,'2017',69,5041,'2016-11-16','B\r'),
	(1025,'2017',69,5057,'2016-11-01','C-\r'),
	(1026,'2017',69,5081,'2016-11-12','C\r'),
	(1027,'2017',69,5121,'2016-11-20','B\r'),
	(1028,'2017',69,5161,'2016-11-20','B+\r'),
	(1029,'2017',69,5201,'2016-11-12','B+\r'),
	(1030,'2017',69,5008,'2016-11-16','B\r'),
	(1031,'2017',70,5040,'2016-11-01','B\r'),
	(1032,'2017',70,5056,'2016-11-02','C-\r'),
	(1033,'2017',70,5080,'2016-11-01','B\r'),
	(1034,'2017',70,5120,'2016-11-06','B+\r'),
	(1035,'2017',70,5160,'2016-11-01','A-\r'),
	(1036,'2017',70,5200,'2017-11-10','B+\r'),
	(1037,'2017',70,5240,'2016-11-02','A-\r'),
	(1038,'2017',70,5064,'2016-11-07','B+\r'),
	(1039,'2017',70,5320,'2016-11-01','A\r'),
	(1040,'2017',70,5202,'2016-11-01','B\r'),
	(1041,'2017',70,5002,'2016-11-20','C\r'),
	(1042,'2017',70,5006,'2016-11-16','B\r'),
	(1043,'2017',70,5008,'2016-11-01','A\r'),
	(1044,'2017',70,5011,'2016-11-16','B\r'),
	(1045,'2017',70,5016,'2016-11-17','B+\r'),
	(1046,'2017',70,5021,'2016-11-18','B+\r'),
	(1047,'2017',70,5026,'2016-11-19','A\r'),
	(1048,'2017',70,5031,'2016-11-20','C-\r'),
	(1049,'2017',70,5009,'2016-11-21','B\r'),
	(1050,'2017',70,5057,'2016-11-22','B\r'),
	(1072,'2017',73,5026,'2016-11-01','C\r'),
	(1073,'2017',73,5031,'2016-11-02','F\r'),
	(1074,'2017',73,5009,'2016-11-02','A-\r'),
	(1075,'2017',73,5041,'2016-11-06','A\r'),
	(1076,'2017',73,5057,'2016-11-01','B\r'),
	(1077,'2017',73,5081,'2016-11-01','B+\r'),
	(1078,'2017',73,5121,'2016-11-07','B+\r'),
	(1079,'2017',73,5161,'2016-11-08','C\r'),
	(1080,'2017',73,5005,'2016-11-09','A\r'),
	(1081,'2017',73,5007,'2016-11-10','A\r'),
	(1082,'2017',73,5010,'2016-11-11','B\r'),
	(1083,'2017',73,5015,'2016-11-12','C-\r'),
	(1084,'2017',73,5020,'2016-11-13','B\r'),
	(1085,'2017',73,5025,'2016-11-14','B\r'),
	(1086,'2017',74,5030,'2016-11-15','B+\r'),
	(1087,'2017',74,5008,'2016-11-16','C\r'),
	(1088,'2017',74,5040,'2016-11-17','B\r'),
	(1089,'2017',74,5056,'2016-11-02','A-\r'),
	(1090,'2017',74,5120,'2016-11-03','B\r'),
	(1091,'2017',74,5160,'2016-11-04','A\r'),
	(1092,'2017',74,5200,'2016-11-05','B+\r'),
	(1093,'2017',74,5240,'2016-11-06','C-\r'),
	(1094,'2017',74,5007,'2016-11-06','A\r'),
	(1095,'2017',74,5039,'2016-11-16','B\r'),
	(1096,'2017',74,5055,'2016-11-16','C-\r'),
	(1097,'2017',74,5079,'2016-11-01','B+\r'),
	(1098,'2017',74,5119,'2016-11-16','B\r'),
	(1099,'2017',74,5159,'2017-11-24','B\r'),
	(1100,'2017',1,5063,'2017-04-22','C-\r'),
	(1101,'2017',1,5319,'2017-04-04','C\r'),
	(1102,'2017',1,5398,'2017-04-08','A\r'),
	(1103,'2017',1,5201,'2017-04-19','B+\r'),
	(1104,'2017',1,5001,'2017-04-01','A-\r'),
	(1105,'2017',1,5005,'2017-04-05','B\r'),
	(1106,'2017',1,5002,'2017-04-09','B\r'),
	(1107,'2017',1,5006,'2017-04-20','B\r'),
	(1108,'2017',1,5008,'2017-04-02','A\r'),
	(1109,'2017',1,5011,'2017-04-06','A\r'),
	(1110,'2017',1,5021,'2017-04-10','B\r'),
	(1111,'2017',1,5026,'2017-04-21','B\r'),
	(1112,'2017',1,5031,'2017-04-03','B+\r'),
	(1113,'2017',1,5009,'2017-04-07','F\r'),
	(1114,'2017',2,5041,'2017-04-12','A-\r'),
	(1115,'2017',2,5057,'2017-04-16','C-\r'),
	(1116,'2017',2,5081,'2017-04-20','C\r'),
	(1117,'2017',2,5121,'2017-04-02','C-\r'),
	(1118,'2017',2,5161,'2017-04-06','B+\r'),
	(1119,'2017',2,5201,'2017-04-13','B+\r'),
	(1120,'2017',2,5065,'2017-04-11','A\r'),
	(1121,'2017',2,5321,'2017-04-17','B\r'),
	(1122,'2017',2,5208,'2017-04-21','A\r'),
	(1123,'2017',2,5203,'2017-04-03','B\r'),
	(1124,'2017',2,5003,'2017-04-07','B\r'),
	(1125,'2017',2,5007,'2017-04-12','B+\r'),
	(1126,'2017',2,5009,'2017-04-14','A\r'),
	(1127,'2017',2,5012,'2017-04-18','A\r'),
	(1128,'2017',2,5017,'2017-04-22','B+\r'),
	(1129,'2017',2,5022,'2017-04-04','B+\r'),
	(1130,'2017',2,5032,'2017-04-08','B\r'),
	(1131,'2017',2,5010,'2017-04-13','C\r'),
	(1132,'2017',2,5042,'2017-04-11','B+\r'),
	(1133,'2017',2,5058,'2017-04-15','C\r'),
	(1134,'2017',2,5082,'2017-04-19','B\r'),
	(1135,'2017',2,5122,'2017-04-01','A-\r'),
	(1136,'2017',2,5162,'2017-04-05','B\r'),
	(1137,'2017',2,5202,'2017-04-09','C-\r'),
	(1138,'2017',2,5242,'2017-04-10','A-\r'),
	(1139,'2017',3,5009,'2017-04-15','A\r'),
	(1140,'2017',3,5057,'2017-04-19','B+\r'),
	(1141,'2017',3,5081,'2017-04-01','C\r'),
	(1142,'2017',3,5121,'2017-04-05','B\r'),
	(1143,'2017',3,5161,'2017-04-16','A\r'),
	(1144,'2017',3,5201,'2017-04-20','A-\r'),
	(1145,'2017',3,5241,'2017-04-02','C-\r'),
	(1146,'2017',3,5065,'2017-04-17','B\r'),
	(1147,'2017',3,5321,'2017-04-21','B+\r'),
	(1148,'2017',3,5220,'2017-04-03','B\r'),
	(1149,'2017',3,5203,'2017-04-14','B\r'),
	(1150,'2017',3,5007,'2017-04-18','B\r'),
	(1151,'2017',3,5009,'2017-04-22','A\r'),
	(1152,'2017',3,5012,'2017-04-04','A\r'),
	(1182,'2017',6,5009,'2017-04-16','C\r'),
	(1183,'2017',6,5012,'2017-04-20','C-\r'),
	(1184,'2017',6,5017,'2017-04-02','B+\r'),
	(1185,'2017',6,5022,'2017-04-06','A-\r'),
	(1186,'2017',6,5027,'2017-04-10','B\r'),
	(1187,'2017',6,5032,'2017-04-17','A\r'),
	(1188,'2017',6,5010,'2017-04-14','B\r'),
	(1189,'2017',6,5042,'2017-04-21','B\r'),
	(1190,'2017',6,5082,'2017-04-03','B\r'),
	(1191,'2017',6,5122,'2017-04-07','A\r'),
	(1192,'2017',6,5162,'2017-04-11','A\r'),
	(1193,'2017',6,5202,'2017-04-15','B\r'),
	(1194,'2017',6,5242,'2017-04-18','B+\r'),
	(1195,'2017',6,5009,'2017-04-22','B+\r'),
	(1196,'2017',6,5041,'2017-04-04','B\r'),
	(1197,'2017',6,5057,'2017-04-08','B+\r'),
	(1198,'2017',6,5081,'2017-04-12','F\r'),
	(1199,'2017',6,5121,'2017-04-15','B\r'),
	(1200,'2017',6,5241,'2017-04-19','A-\r'),
	(1201,'2017',6,5065,'2017-04-01','B\r'),
	(1202,'2017',6,5321,'2017-04-05','C-\r'),
	(1203,'2017',6,5244,'2017-04-09','C\r'),
	(1204,'2017',6,5203,'2017-04-13','A\r'),
	(1205,'2017',7,5003,'2017-04-19','B+\r'),
	(1206,'2017',7,5007,'2017-04-01','B\r'),
	(1207,'2017',7,5009,'2017-04-05','B+\r'),
	(1208,'2017',7,5012,'2017-04-09','A\r'),
	(1209,'2017',7,5017,'2017-04-20','B\r'),
	(1210,'2017',7,5027,'2017-04-02','C-\r'),
	(1211,'2017',7,5032,'2017-04-06','C\r'),
	(1212,'2017',7,5010,'2017-04-10','B\r'),
	(1213,'2017',7,5042,'2017-04-21','B+\r'),
	(1214,'2017',7,5058,'2017-04-03','A-\r'),
	(1215,'2017',7,5082,'2017-04-07','B\r'),
	(1216,'2017',7,5122,'2017-04-11','B\r'),
	(1217,'2017',7,5162,'2017-04-22','B\r'),
	(1218,'2017',7,5202,'2017-04-04','A\r'),
	(1219,'2017',7,5242,'2017-04-08','A\r'),
	(1220,'2017',8,5041,'2017-04-13','A-\r'),
	(1221,'2017',8,5057,'2017-04-17','C-\r'),
	(1222,'2017',8,5081,'2017-04-21','C\r'),
	(1223,'2017',8,5121,'2017-04-03','C-\r'),
	(1224,'2017',8,5161,'2017-04-07','B+\r'),
	(1225,'2017',8,5201,'2017-04-14','B+\r'),
	(1226,'2017',8,5241,'2017-04-18','B\r'),
	(1227,'2017',8,5065,'2017-04-22','A\r'),
	(1228,'2017',8,5321,'2017-04-04','B\r'),
	(1229,'2017',8,5280,'2017-04-15','A\r'),
	(1230,'2017',8,5003,'2017-04-19','A\r'),
	(1231,'2017',8,5007,'2017-04-01','B+\r'),
	(1232,'2017',8,5009,'2017-04-05','B+\r'),
	(1233,'2017',8,5012,'2017-04-12','B+\r'),
	(1234,'2017',8,5017,'2017-04-16','C\r'),
	(1235,'2017',8,5022,'2017-04-20','B\r'),
	(1236,'2017',8,5027,'2017-04-02','A-\r'),
	(1237,'2017',8,5032,'2017-04-06','B\r'),
	(1238,'2017',9,5010,'2017-04-11','A-\r'),
	(1239,'2017',9,5042,'2017-04-15','B\r'),
	(1240,'2017',9,5082,'2017-04-19','B\r'),
	(1241,'2017',9,5122,'2017-04-01','B+\r'),
	(1242,'2017',9,5162,'2017-04-08','B\r'),
	(1243,'2017',9,5202,'2017-04-05','B\r'),
	(1244,'2017',9,5006,'2017-04-12','A\r'),
	(1245,'2017',9,5008,'2017-04-16','A\r'),
	(1246,'2017',9,5011,'2017-04-20','B\r'),
	(1247,'2017',9,5016,'2017-04-02','A\r'),
	(1248,'2017',9,5021,'2017-04-06','A\r'),
	(1249,'2017',9,5026,'2017-04-09','B\r'),
	(1250,'2017',9,5009,'2017-04-13','B+\r'),
	(1251,'2017',9,5041,'2017-04-17','F\r'),
	(1252,'2017',9,5057,'2017-04-21','B+\r'),
	(1253,'2017',9,5081,'2017-04-03','C\r'),
	(1254,'2017',9,5121,'2017-04-07','B\r'),
	(1255,'2017',9,5161,'2017-04-10','C-\r'),
	(1256,'2017',9,5201,'2017-04-14','C\r'),
	(1257,'2017',9,5241,'2017-04-18','A\r'),
	(1258,'2017',9,5008,'2017-04-22','A-\r'),
	(1259,'2017',9,5040,'2017-04-04','C-\r'),
	(1293,'2017',12,5023,'2017-04-06','C\r'),
	(1294,'2017',12,5028,'2017-04-10','B\r'),
	(1295,'2017',12,5033,'2017-04-14','A-\r'),
	(1296,'2017',12,5011,'2017-04-18','B\r'),
	(1297,'2017',12,5043,'2017-04-07','C-\r'),
	(1298,'2017',12,5059,'2017-04-11','C\r'),
	(1299,'2017',12,5083,'2017-04-15','C-\r'),
	(1300,'2017',12,5203,'2017-04-08','B\r'),
	(1301,'2017',12,5243,'2017-04-12','A\r'),
	(1302,'2017',12,5010,'2017-04-16','B\r'),
	(1303,'2017',12,5042,'2017-04-05','A\r'),
	(1304,'2017',12,5058,'2017-04-09','A\r'),
	(1305,'2017',12,5082,'2017-04-13','B+\r'),
	(1306,'2017',12,5122,'2017-04-17','B+\r'),
	(1307,'2017',13,5162,'2017-04-09','A-\r'),
	(1308,'2017',13,5202,'2017-04-13','B\r'),
	(1309,'2017',13,5242,'2017-04-17','C-\r'),
	(1310,'2017',13,5322,'2017-04-06','C\r'),
	(1311,'2017',13,5046,'2017-04-10','C-\r'),
	(1312,'2017',13,5204,'2017-04-14','B+\r'),
	(1313,'2017',13,5004,'2017-04-18','A-\r'),
	(1314,'2017',13,5008,'2017-04-07','A\r'),
	(1315,'2017',13,5010,'2017-04-11','B\r'),
	(1316,'2017',13,5013,'2017-04-15','B\r'),
	(1317,'2017',13,5018,'2017-04-19','A\r'),
	(1318,'2017',13,5023,'2017-04-08','B+\r'),
	(1319,'2017',13,5028,'2017-04-12','B+\r'),
	(1320,'2017',13,5011,'2017-04-16','B\r'),
	(1321,'2017',13,5043,'2017-04-20','B+\r'),
	(1322,'2017',14,5059,'2017-04-21','C\r'),
	(1323,'2017',14,5083,'2017-04-07','C-\r'),
	(1324,'2017',14,5123,'2017-04-11','B+\r'),
	(1325,'2017',14,5163,'2017-04-15','A-\r'),
	(1326,'2017',14,5203,'2017-04-19','B\r'),
	(1327,'2017',14,5243,'2017-04-22','B\r'),
	(1328,'2017',14,5010,'2017-04-01','B\r'),
	(1329,'2017',14,5042,'2017-04-08','B\r'),
	(1330,'2017',14,5082,'2017-04-12','B\r'),
	(1331,'2017',14,5122,'2017-04-16','A\r'),
	(1332,'2017',14,5162,'2017-04-20','A\r'),
	(1333,'2017',14,5202,'2017-04-02','B\r'),
	(1334,'2017',14,5042,'2017-04-01','A\r'),
	(1335,'2017',14,5058,'2017-04-09','B+\r'),
	(1336,'2017',14,5082,'2017-04-13','B\r'),
	(1337,'2017',14,5122,'2017-04-17','B+\r'),
	(1338,'2017',14,5162,'2017-04-21','F\r'),
	(1339,'2017',14,5202,'2017-04-03','B+\r'),
	(1340,'2017',14,5066,'2017-04-02','F\r'),
	(1341,'2017',14,5322,'2017-04-10','B\r'),
	(1342,'2017',14,5023,'2017-04-14','C-\r'),
	(1343,'2017',14,5204,'2017-04-18','C\r'),
	(1344,'2017',14,5004,'2017-04-22','A\r'),
	(1345,'2017',15,5008,'2017-04-07','F\r'),
	(1346,'2017',15,5010,'2017-04-11','B+\r'),
	(1347,'2017',15,5013,'2017-04-15','C\r'),
	(1348,'2017',15,5018,'2017-04-19','B\r'),
	(1349,'2017',15,5023,'2017-04-01','A-\r'),
	(1350,'2017',15,5033,'2017-04-08','A\r'),
	(1351,'2017',15,5011,'2017-04-12','A-\r'),
	(1352,'2017',15,5043,'2017-04-16','C-\r'),
	(1353,'2017',15,5059,'2017-04-20','C\r'),
	(1354,'2017',15,5083,'2017-04-02','C-\r'),
	(1355,'2017',15,5123,'2017-04-09','B\r'),
	(1356,'2017',15,5163,'2017-04-13','B+\r'),
	(1357,'2017',15,5203,'2017-04-17','B\r'),
	(1358,'2017',15,5243,'2017-04-21','A\r'),
	(1359,'2017',15,5010,'2017-04-03','B\r'),
	(1360,'2017',15,5058,'2017-04-06','A\r'),
	(1361,'2017',15,5082,'2017-04-10','B\r'),
	(1362,'2017',15,5122,'2017-04-14','A\r'),
	(1363,'2017',15,5162,'2017-04-18','A\r'),
	(1364,'2017',15,5202,'2017-04-22','B+\r'),
	(1365,'2017',15,5242,'2017-04-04','B+\r'),
	(1366,'2017',16,5066,'2017-04-05','B\r'),
	(1367,'2017',16,5322,'2017-04-09','C-\r'),
	(1368,'2017',16,5011,'2017-04-13','C\r'),
	(1369,'2017',16,5204,'2017-04-17','B\r'),
	(1370,'2017',16,5008,'2017-04-06','B+\r'),
	(1371,'2017',16,5010,'2017-04-10','A-\r'),
	(1372,'2017',16,5013,'2017-04-14','B\r'),
	(1373,'2017',16,5018,'2017-04-18','B\r'),
	(1374,'2017',16,5023,'2017-04-07','B\r'),
	(1375,'2017',16,5028,'2017-04-11','A\r'),
	(1376,'2017',16,5033,'2017-04-15','A\r'),
	(1377,'2017',16,5011,'2017-04-19','B+\r'),
	(1378,'2017',16,5043,'2017-04-08','B\r'),
	(1379,'2017',16,5059,'2017-04-12','B+\r'),
	(1380,'2017',16,5123,'2017-04-16','A\r'),
	(1381,'2017',17,5163,'2017-04-21','B+\r'),
	(1382,'2017',17,5203,'2017-04-03','B\r'),
	(1383,'2017',17,5243,'2017-04-07','A\r'),
	(1384,'2017',17,5010,'2017-04-11','B\r'),
	(1385,'2017',17,5042,'2017-04-15','B\r'),
	(1386,'2017',17,5058,'2017-04-22','A\r'),
	(1387,'2017',17,5082,'2017-04-04','A\r'),
	(1388,'2017',17,5122,'2017-04-08','B+\r'),
	(1389,'2017',17,5162,'2017-04-12','B+\r'),
	(1390,'2017',17,5242,'2017-04-16','B\r'),
	(1391,'2017',17,5066,'2017-04-01','C\r'),
	(1392,'2017',17,5322,'2017-04-05','B\r'),
	(1393,'2017',17,5005,'2017-04-09','A-\r'),
	(1394,'2017',17,5204,'2017-04-13','B\r'),
	(1395,'2017',17,5004,'2017-04-17','C-\r'),
	(1396,'2017',17,5008,'2017-04-20','A-\r'),
	(1397,'2017',17,5010,'2017-04-02','C-\r'),
	(1398,'2017',17,5013,'2017-04-06','C\r'),
	(1399,'2017',17,5018,'2017-04-10','C-\r'),
	(1400,'2017',17,5033,'2017-04-14','B+\r'),
	(1401,'2017',17,5011,'2017-04-18','A-\r'),
	(1402,'2017',19,5043,'2017-04-19','A\r'),
	(1403,'2017',19,5059,'2017-04-01','A\r'),
	(1404,'2017',19,5083,'2017-04-05','C\r'),
	(1405,'2017',19,5123,'2017-04-09','C-\r'),
	(1406,'2017',19,5163,'2017-04-13','B+\r'),
	(1407,'2017',19,5203,'2017-04-20','B+\r'),
	(1408,'2017',19,5007,'2017-04-17','A-\r'),
	(1409,'2017',19,5009,'2017-04-02','F\r'),
	(1410,'2017',19,5017,'2017-04-06','A\r'),
	(1411,'2017',19,5022,'2017-04-10','B\r'),
	(1412,'2017',19,5027,'2017-04-14','B\r'),
	(1413,'2017',19,5032,'2017-04-18','A\r'),
	(1414,'2017',19,5061,'2017-04-21','C\r'),
	(1415,'2017',19,5085,'2017-04-03','A\r'),
	(1416,'2017',19,5125,'2017-04-07','B+\r'),
	(1417,'2017',19,5165,'2017-04-11','B+\r'),
	(1418,'2017',19,5205,'2017-04-15','B\r'),
	(1419,'2017',19,5245,'2017-04-19','B+\r'),
	(1420,'2017',19,5325,'2017-04-22','B\r'),
	(1421,'2017',19,5378,'2017-04-04','B\r'),
	(1422,'2017',19,5207,'2017-04-08','A-\r'),
	(1423,'2017',19,5007,'2017-04-12','B\r'),
	(1424,'2017',19,5011,'2017-04-16','C-\r'),
	(1425,'2017',20,5013,'2017-04-21','B\r'),
	(1426,'2017',20,5016,'2017-04-03','B\r'),
	(1427,'2017',20,5021,'2017-04-07','A\r'),
	(1428,'2017',20,5026,'2017-04-11','A\r'),
	(1429,'2017',20,5031,'2017-04-15','B+\r'),
	(1430,'2017',20,5014,'2017-04-22','C-\r'),
	(1431,'2017',20,5046,'2017-04-04','B+\r'),
	(1432,'2017',20,5062,'2017-04-08','C\r'),
	(1433,'2017',20,5086,'2017-04-12','B\r'),
	(1434,'2017',20,5126,'2017-04-16','A-\r'),
	(1435,'2017',20,5166,'2017-04-01','A\r'),
	(1436,'2017',20,5206,'2017-04-05','A-\r'),
	(1437,'2017',20,5246,'2017-04-09','C-\r'),
	(1438,'2017',20,5013,'2017-04-13','C\r'),
	(1439,'2017',20,5045,'2017-04-17','C-\r'),
	(1440,'2017',20,5085,'2017-04-20','C\r'),
	(1441,'2017',20,5125,'2017-04-02','B\r'),
	(1442,'2017',20,5165,'2017-04-06','B+\r'),
	(1443,'2017',20,5205,'2017-04-10','B\r'),
	(1444,'2017',20,5245,'2017-04-14','A\r'),
	(1445,'2017',20,5069,'2017-04-18','B\r'),
	(1446,'2017',21,5325,'2017-04-18','B\r'),
	(1447,'2017',21,5189,'2017-04-05','C\r'),
	(1448,'2017',21,5207,'2017-04-04','A\r'),
	(1449,'2017',21,5007,'2017-04-09','B\r'),
	(1450,'2017',21,5013,'2017-04-02','A-\r'),
	(1451,'2017',21,5016,'2017-04-01','B+\r'),
	(1452,'2017',21,5021,'2017-04-06','C-\r'),
	(1453,'2017',21,5026,'2017-04-11','A\r'),
	(1454,'2017',21,5031,'2017-04-03','B+\r'),
	(1455,'2017',21,5036,'2017-04-12','B+\r'),
	(1456,'2017',21,5014,'2017-04-20','A\r'),
	(1457,'2017',21,5046,'2017-04-08','A\r'),
	(1458,'2017',21,5062,'2017-04-21','B\r'),
	(1459,'2017',21,5086,'2017-04-10','C\r'),
	(1460,'2017',21,5166,'2017-04-19','A\r'),
	(1461,'2017',21,5206,'2017-04-22','B\r'),
	(1462,'2017',21,5246,'2017-04-07','B\r'),
	(1463,'2017',22,5013,'2017-04-08','B\r'),
	(1464,'2017',22,5045,'2017-04-06','F\r'),
	(1465,'2017',22,5061,'2017-04-04','B\r'),
	(1466,'2017',22,5085,'2017-04-18','B+\r'),
	(1467,'2017',22,5125,'2017-04-19','B\r'),
	(1468,'2017',22,5165,'2017-04-21','C-\r'),
	(1469,'2017',22,5205,'2017-04-15','B\r'),
	(1470,'2017',22,5069,'2017-04-12','B+\r'),
	(1471,'2017',22,5325,'2017-04-05','A\r'),
	(1472,'2017',22,5094,'2017-04-07','A\r'),
	(1473,'2017',22,5207,'2017-04-16','B+\r'),
	(1474,'2017',22,5007,'2017-04-03','C\r'),
	(1475,'2017',22,5011,'2017-04-14','C-\r'),
	(1476,'2017',22,5013,'2017-04-17','B\r'),
	(1477,'2017',22,5016,'2017-04-10','B+\r'),
	(1478,'2017',22,5021,'2017-04-02','B+\r'),
	(1479,'2017',22,5026,'2017-04-20','B\r'),
	(1480,'2017',22,5036,'2017-04-01','A\r'),
	(1481,'2017',22,5014,'2017-04-09','B\r'),
	(1482,'2017',22,5046,'2017-04-13','A\r'),
	(1483,'2017',22,5062,'2017-04-13','A-\r'),
	(1484,'2017',22,5086,'2017-04-22','A-\r'),
	(1485,'2017',22,5126,'2017-04-11','A-\r'),
	(1486,'2017',23,5166,'2017-04-19','C\r'),
	(1487,'2017',23,5206,'2017-04-22','A-\r'),
	(1488,'2017',23,5010,'2017-04-07','B+\r'),
	(1489,'2017',23,5012,'2017-04-14','C\r'),
	(1490,'2017',23,5020,'2017-04-17','A\r'),
	(1491,'2017',23,5025,'2017-04-20','A\r'),
	(1492,'2017',23,5030,'2017-04-01','C-\r'),
	(1493,'2017',23,5035,'2017-04-18','B\r'),
	(1494,'2017',23,5013,'2017-04-21','B+\r'),
	(1495,'2017',23,5045,'2017-04-16','B\r'),
	(1496,'2017',23,5061,'2017-04-15','C-\r'),
	(1497,'2017',23,5085,'2017-04-08','B\r'),
	(1498,'2017',23,5125,'2017-04-02','B\r'),
	(1499,'2017',24,5165,'2017-04-20','B\r'),
	(1500,'2017',24,5012,'2017-04-10','B\r'),
	(1501,'2017',24,5044,'2017-04-21','B\r'),
	(1502,'2017',24,5060,'2017-04-18','A\r'),
	(1503,'2017',24,5084,'2017-04-16','C\r'),
	(1504,'2017',24,5124,'2017-04-12','C-\r'),
	(1505,'2017',24,5164,'2017-04-17','B\r'),
	(1506,'2017',24,5204,'2017-04-11','B\r'),
	(1507,'2017',24,5244,'2017-04-15','B+\r'),
	(1508,'2017',24,5068,'2017-04-09','B+\r'),
	(1509,'2017',24,5324,'2017-04-14','A\r'),
	(1510,'2017',24,5206,'2017-04-13','A-\r'),
	(1511,'2017',24,5006,'2017-04-19','A\r'),
	(1512,'2017',25,5010,'2017-04-06','B\r'),
	(1513,'2017',25,5007,'2017-04-10','A\r'),
	(1514,'2017',25,5011,'2017-04-01','A-\r'),
	(1515,'2017',25,5013,'2017-04-02','B+\r'),
	(1516,'2017',25,5016,'2017-04-22','B+\r'),
	(1517,'2017',25,5021,'2017-04-04','C\r'),
	(1518,'2017',25,5026,'2017-04-11','B+\r'),
	(1519,'2017',25,5031,'2017-04-08','B\r'),
	(1520,'2017',25,5014,'2017-04-07','A\r'),
	(1521,'2017',25,5046,'2017-04-09','C\r'),
	(1522,'2017',25,5062,'2017-04-05','C-\r'),
	(1523,'2017',25,5086,'2017-04-03','A\r'),
	(1524,'2017',26,5126,'2017-04-14','B\r'),
	(1525,'2017',26,5166,'2017-04-16','B\r'),
	(1526,'2017',26,5206,'2017-04-20','C-\r'),
	(1527,'2017',26,5246,'2017-04-12','A-\r'),
	(1528,'2017',26,5070,'2017-04-17','B+\r'),
	(1529,'2017',26,5326,'2017-04-18','B\r'),
	(1530,'2017',26,5208,'2017-04-13','C-\r'),
	(1531,'2017',26,5008,'2017-04-15','B+\r'),
	(1532,'2017',26,5012,'2017-04-19','B\r'),
	(1533,'2017',27,5014,'2017-04-15','A\r'),
	(1534,'2017',27,5017,'2017-04-02','C\r'),
	(1535,'2017',27,5022,'2017-04-01','B+\r'),
	(1536,'2017',27,5027,'2017-04-22','A\r'),
	(1537,'2017',27,5032,'2017-04-21','A-\r'),
	(1538,'2017',27,5037,'2017-04-14','B\r'),
	(1539,'2017',28,5015,'2017-04-21','A-\r'),
	(1540,'2017',28,5063,'2017-04-18','B\r'),
	(1541,'2017',28,5087,'2017-04-16','F\r'),
	(1542,'2017',28,5127,'2017-04-17','A\r'),
	(1543,'2017',28,5167,'2017-04-22','B+\r'),
	(1544,'2017',28,5207,'2017-04-19','B\r'),
	(1545,'2017',28,5247,'2017-04-20','B+\r'),
	(1546,'2017',29,5014,'2017-04-07','C-\r'),
	(1547,'2017',29,5046,'2017-04-02','C\r'),
	(1548,'2017',29,5062,'2017-04-11','C\r'),
	(1549,'2017',29,5086,'2017-04-08','B\r'),
	(1550,'2017',29,5166,'2017-04-09','A\r'),
	(1551,'2017',29,5206,'2017-04-10','B\r'),
	(1552,'2017',29,5246,'2017-04-01','A\r'),
	(1553,'2017',30,5070,'2017-04-03','B+\r'),
	(1554,'2017',30,5326,'2017-04-15','C-\r'),
	(1555,'2017',30,5056,'2017-04-16','B\r'),
	(1556,'2017',30,5208,'2017-04-13','B+\r'),
	(1557,'2017',30,5008,'2017-04-19','B+\r'),
	(1558,'2017',30,5012,'2017-04-02','A\r'),
	(1559,'2017',30,5014,'2017-04-22','C-\r'),
	(1560,'2017',30,5022,'2017-04-01','A-\r'),
	(1561,'2017',30,5027,'2017-04-21','B\r'),
	(1562,'2017',30,5032,'2017-04-12','A\r'),
	(1563,'2017',30,5037,'2017-04-18','B\r'),
	(1564,'2017',30,5015,'2017-04-04','C\r'),
	(1565,'2017',30,5047,'2017-04-17','B+\r'),
	(1566,'2017',30,5063,'2017-04-20','B\r'),
	(1567,'2017',30,5087,'2017-04-14','A-\r'),
	(1568,'2017',31,5127,'2017-04-07','A\r'),
	(1569,'2017',31,5167,'2017-04-13','A\r'),
	(1570,'2017',31,5247,'2017-04-15','C-\r'),
	(1571,'2017',31,5014,'2017-04-08','B\r'),
	(1572,'2017',31,5046,'2017-04-06','A\r'),
	(1573,'2017',31,5062,'2017-04-09','B\r'),
	(1574,'2017',31,5086,'2017-04-14','C\r'),
	(1575,'2017',31,5126,'2017-04-12','B+\r'),
	(1576,'2017',31,5166,'2017-04-11','A-\r'),
	(1577,'2017',31,5206,'2017-04-10','B+\r'),
	(1578,'2017',31,5046,'2017-04-05','B\r'),
	(1579,'2017',32,5062,'2017-04-14','B+\r'),
	(1580,'2017',32,5126,'2017-04-18','B\r'),
	(1581,'2017',32,5166,'2017-04-15','B\r'),
	(1582,'2017',32,5206,'2017-04-16','B+\r'),
	(1583,'2017',32,5246,'2017-04-16','B\r'),
	(1584,'2017',32,5070,'2017-04-21','B+\r'),
	(1585,'2017',32,5326,'2017-04-02','B\r'),
	(1586,'2017',32,5028,'2017-04-19','C\r'),
	(1587,'2017',32,5208,'2017-04-22','A-\r'),
	(1588,'2017',32,5008,'2017-04-17','A\r'),
	(1589,'2017',32,5012,'2017-04-20','A\r'),
	(1590,'2017',32,5017,'2017-04-01','C-\r'),
	(1591,'2017',33,5022,'2017-04-17','B\r'),
	(1592,'2017',33,5027,'2017-04-07','B\r'),
	(1593,'2017',33,5032,'2017-04-22','A-\r'),
	(1594,'2017',33,5037,'2017-04-18','B+\r'),
	(1595,'2017',33,5015,'2017-04-16','B+\r'),
	(1596,'2017',33,5047,'2017-04-10','C\r'),
	(1597,'2017',33,5063,'2017-04-14','C-\r'),
	(1598,'2017',33,5087,'2017-04-20','B\r'),
	(1599,'2017',33,5127,'2017-04-08','A\r'),
	(1600,'2017',33,5247,'2017-04-19','B\r'),
	(1601,'2017',33,5014,'2017-04-11','A\r'),
	(1602,'2017',33,5046,'2017-04-02','C-\r'),
	(1603,'2017',33,5062,'2017-04-13','A-\r'),
	(1604,'2017',33,5086,'2017-04-12','B+\r'),
	(1605,'2017',33,5126,'2017-04-15','B\r'),
	(1606,'2017',33,5166,'2017-04-09','B\r'),
	(1607,'2017',33,5206,'2017-04-21','C-\r'),
	(1608,'2017',34,5246,'2017-04-12','B+\r'),
	(1609,'2017',34,5070,'2017-04-05','A\r'),
	(1610,'2017',34,5014,'2017-04-03','C\r'),
	(1611,'2017',34,5208,'2017-04-02','B+\r'),
	(1612,'2017',34,5008,'2017-04-08','B\r'),
	(1613,'2017',34,5012,'2017-04-09','B\r'),
	(1614,'2017',34,5014,'2017-04-11','A-\r'),
	(1615,'2017',34,5017,'2017-04-10','B+\r'),
	(1616,'2017',34,5022,'2017-04-01','A\r'),
	(1617,'2017',34,5027,'2017-04-07','A\r'),
	(1618,'2017',34,5032,'2017-04-06','F\r'),
	(1619,'2017',34,5037,'2017-04-04','B\r'),
	(1620,'2017',35,5047,'2017-04-14','C\r'),
	(1621,'2017',35,5063,'2017-04-19','C\r'),
	(1622,'2017',35,5087,'2017-04-20','A\r'),
	(1623,'2017',35,5127,'2017-04-21','B+\r'),
	(1624,'2017',35,5167,'2017-04-18','B\r'),
	(1625,'2017',35,5207,'2017-04-22','A-\r'),
	(1626,'2017',35,5247,'2017-04-01','C-\r'),
	(1627,'2017',35,5014,'2017-04-13','A\r'),
	(1628,'2017',35,5046,'2017-04-16','B\r'),
	(1629,'2017',35,5062,'2017-04-17','A\r'),
	(1630,'2017',35,5126,'2017-04-15','C-\r'),
	(1631,'2017',36,5166,'2017-04-13','B\r'),
	(1632,'2017',36,5206,'2017-04-11','A-\r'),
	(1633,'2017',36,5246,'2017-04-20','A-\r'),
	(1634,'2017',36,5070,'2017-04-22','B+\r'),
	(1635,'2017',36,5326,'2017-04-07','B\r'),
	(1636,'2017',36,5007,'2017-04-15','B\r'),
	(1637,'2017',36,5208,'2017-04-19','C-\r'),
	(1638,'2017',36,5008,'2017-04-08','C\r'),
	(1639,'2017',36,5012,'2017-04-06','A\r'),
	(1640,'2017',36,5017,'2017-04-18','B\r'),
	(1641,'2017',36,5022,'2017-04-16','B+\r'),
	(1642,'2017',36,5027,'2017-04-17','B\r'),
	(1643,'2017',36,5032,'2017-04-12','C-\r'),
	(1644,'2017',36,5037,'2017-04-05','B\r'),
	(1645,'2017',36,5015,'2017-04-14','B+\r'),
	(1646,'2017',36,5047,'2017-04-21','A\r'),
	(1647,'2017',36,5063,'2017-04-10','B+\r'),
	(1648,'2017',36,5087,'2017-04-09','A\r'),
	(1649,'2017',37,5127,'2017-04-07','B+\r'),
	(1650,'2017',37,5207,'2017-04-09','B+\r'),
	(1651,'2017',37,5011,'2017-04-05','B\r'),
	(1652,'2017',37,5013,'2017-04-11','C\r'),
	(1653,'2017',37,5016,'2017-04-18','B+\r'),
	(1654,'2017',37,5021,'2017-04-01','C\r'),
	(1655,'2017',37,5026,'2017-04-14','A\r'),
	(1656,'2017',37,5031,'2017-04-13','B\r'),
	(1657,'2017',37,5036,'2017-04-04','A\r'),
	(1658,'2017',37,5014,'2017-04-02','B\r'),
	(1659,'2017',37,5046,'2017-04-15','B\r'),
	(1660,'2017',37,5086,'2017-04-03','A\r'),
	(1661,'2017',37,5126,'2017-04-12','C-\r'),
	(1662,'2017',37,5166,'2017-04-10','A\r'),
	(1663,'2017',37,5206,'2017-04-17','A\r'),
	(1664,'2017',37,5246,'2017-04-19','A-\r'),
	(1665,'2017',37,5013,'2017-04-16','C\r'),
	(1666,'2017',37,5045,'2017-04-20','C-\r'),
	(1667,'2017',37,5061,'2017-04-08','A-\r'),
	(1668,'2017',37,5085,'2017-04-06','B\r'),
	(1669,'2017',38,5125,'2017-04-13','A\r'),
	(1670,'2017',38,5205,'2017-04-10','B\r'),
	(1671,'2017',38,5245,'2017-04-03','B\r'),
	(1672,'2017',38,5069,'2017-04-14','B\r'),
	(1673,'2017',38,5325,'2017-04-08','B+\r'),
	(1674,'2017',38,5047,'2017-04-09','C\r'),
	(1675,'2017',38,5207,'2017-04-04','B\r'),
	(1676,'2017',38,5007,'2017-04-07','A\r'),
	(1677,'2017',38,5011,'2017-04-21','B\r'),
	(1678,'2017',38,5008,'2017-04-22','B+\r'),
	(1679,'2017',38,5012,'2017-04-05','C-\r'),
	(1680,'2017',38,5017,'2017-04-12','F\r'),
	(1681,'2017',38,5022,'2017-04-06','A-\r'),
	(1682,'2017',38,5027,'2017-04-02','B+\r'),
	(1683,'2017',38,5032,'2017-04-01','B\r'),
	(1684,'2017',38,5037,'2017-04-11','A\r'),
	(1685,'2017',39,5015,'2017-04-03','C\r'),
	(1686,'2017',39,5047,'2017-04-18','B+\r'),
	(1687,'2017',39,5063,'2017-04-21','C-\r'),
	(1688,'2017',39,5087,'2017-04-17','A-\r'),
	(1689,'2017',39,5127,'2017-04-07','C-\r'),
	(1690,'2017',39,5207,'2017-04-04','A\r'),
	(1691,'2017',39,5247,'2017-04-22','B\r'),
	(1692,'2017',39,5071,'2017-04-08','B\r'),
	(1693,'2017',39,5327,'2017-04-15','B\r'),
	(1694,'2017',39,5211,'2017-04-19','A\r'),
	(1695,'2017',39,5209,'2017-04-01','A\r'),
	(1696,'2017',39,5009,'2017-04-05','B+\r'),
	(1697,'2017',39,5013,'2017-04-09','B+\r'),
	(1698,'2017',39,5015,'2017-04-16','B+\r'),
	(1699,'2017',39,5018,'2017-04-20','C\r'),
	(1700,'2017',39,5033,'2017-04-02','B\r'),
	(1701,'2017',39,5038,'2017-04-06','A-\r'),
	(1702,'2017',39,5016,'2017-04-10','B\r'),
	(1703,'2017',40,5048,'2017-04-12','B+\r'),
	(1704,'2017',40,5064,'2017-04-16','A\r'),
	(1705,'2017',40,5088,'2017-04-17','B\r'),
	(1706,'2017',40,5128,'2017-04-13','C\r'),
	(1707,'2017',40,5168,'2017-04-18','B\r'),
	(1708,'2017',40,5208,'2017-04-10','A-\r'),
	(1709,'2017',40,5248,'2017-04-14','B\r'),
	(1710,'2017',40,5021,'2017-04-19','B+\r'),
	(1711,'2017',40,5026,'2017-04-11','A\r'),
	(1712,'2017',40,5031,'2017-04-15','A\r'),
	(1713,'2017',41,5009,'2017-04-07','B\r'),
	(1714,'2017',41,5041,'2017-04-11','A\r'),
	(1715,'2017',41,5057,'2017-04-15','B\r'),
	(1716,'2017',41,5081,'2017-04-21','B+\r'),
	(1717,'2017',41,5121,'2017-04-22','A\r'),
	(1718,'2017',41,5161,'2017-04-08','A\r'),
	(1719,'2017',41,5201,'2017-04-12','B+\r'),
	(1720,'2017',41,5008,'2017-04-16','B+\r'),
	(1721,'2017',41,5040,'2017-04-01','C\r'),
	(1722,'2017',41,5056,'2017-04-09','B\r'),
	(1723,'2017',41,5080,'2017-04-13','A-\r'),
	(1724,'2017',41,5120,'2017-04-17','B\r'),
	(1725,'2017',41,5160,'2017-04-20','A-\r'),
	(1726,'2017',41,5200,'2017-04-02','C-\r'),
	(1727,'2017',41,5240,'2017-04-10','C\r'),
	(1728,'2017',41,5064,'2017-04-14','C-\r'),
	(1729,'2017',42,5320,'2017-04-01','A\r'),
	(1730,'2017',42,5202,'2017-04-05','A\r'),
	(1731,'2017',42,5002,'2017-04-09','A\r'),
	(1732,'2017',42,5006,'2017-04-19','B\r'),
	(1733,'2017',42,5008,'2017-04-20','B\r'),
	(1734,'2017',42,5011,'2017-04-02','B+\r'),
	(1735,'2017',42,5016,'2017-04-06','F\r'),
	(1736,'2017',42,5021,'2017-04-10','B\r'),
	(1737,'2017',42,5026,'2017-04-21','C-\r'),
	(1738,'2017',42,5031,'2017-04-03','C\r'),
	(1739,'2017',42,5009,'2017-04-07','C-\r'),
	(1740,'2017',42,5057,'2017-04-11','C\r'),
	(1741,'2017',42,5081,'2017-04-18','B+\r'),
	(1742,'2017',42,5121,'2017-04-22','A-\r'),
	(1743,'2017',42,5161,'2017-04-04','B\r'),
	(1744,'2017',42,5201,'2017-04-08','B\r'),
	(1745,'2017',43,5005,'2017-04-17','B+\r'),
	(1746,'2017',43,5007,'2017-04-13','B+\r'),
	(1747,'2017',43,5010,'2017-04-14','A-\r'),
	(1748,'2017',43,5015,'2017-04-18','B\r'),
	(1749,'2017',43,5020,'2017-04-15','C-\r'),
	(1750,'2017',43,5030,'2017-04-19','B+\r'),
	(1751,'2017',43,5059,'2017-04-12','A\r'),
	(1752,'2017',43,5083,'2017-04-16','B\r'),
	(1753,'2017',43,5123,'2017-04-20','B\r'),
	(1754,'2017',44,5163,'2017-04-21','B\r'),
	(1755,'2017',44,5203,'2017-04-03','B+\r'),
	(1756,'2017',44,5243,'2017-04-10','A\r'),
	(1757,'2017',44,5067,'2017-04-22','C-\r'),
	(1758,'2017',44,5323,'2017-04-07','C\r'),
	(1759,'2017',44,5006,'2017-04-11','B\r'),
	(1760,'2017',44,5005,'2017-04-01','A-\r'),
	(1761,'2017',44,5009,'2017-04-08','B\r'),
	(1762,'2017',44,5011,'2017-04-12','B\r'),
	(1763,'2017',44,5014,'2017-04-02','A\r'),
	(1764,'2017',44,5019,'2017-04-09','A\r'),
	(1765,'2017',45,5024,'2017-04-14','A-\r'),
	(1766,'2017',45,5029,'2017-04-18','C-\r'),
	(1767,'2017',45,5034,'2017-04-22','C\r'),
	(1768,'2017',45,5012,'2017-04-04','C-\r'),
	(1769,'2017',45,5044,'2017-04-15','B+\r'),
	(1770,'2017',45,5084,'2017-04-19','B\r'),
	(1771,'2017',45,5124,'2017-04-01','A\r'),
	(1772,'2017',45,5164,'2017-04-16','A\r'),
	(1773,'2017',45,5204,'2017-04-20','A\r'),
	(1774,'2017',45,5244,'2017-04-02','B+\r'),
	(1775,'2017',45,5011,'2017-04-13','B+\r'),
	(1776,'2017',45,5043,'2017-04-17','C\r'),
	(1777,'2017',45,5059,'2017-04-21','B\r'),
	(1778,'2017',45,5083,'2017-04-03','A-\r'),
	(1779,'2017',46,5123,'2017-04-08','B+\r'),
	(1780,'2017',46,5203,'2017-04-15','C\r'),
	(1781,'2017',46,5243,'2017-04-12','A-\r'),
	(1782,'2017',46,5067,'2017-04-16','B\r'),
	(1783,'2017',46,5323,'2017-04-19','C-\r'),
	(1784,'2017',46,5003,'2017-04-20','B\r'),
	(1785,'2017',46,5205,'2017-04-07','B\r'),
	(1786,'2017',46,5005,'2017-04-11','C-\r'),
	(1787,'2017',46,5009,'2017-04-05','B\r'),
	(1788,'2017',46,5011,'2017-04-09','B\r'),
	(1789,'2017',46,5014,'2017-04-13','A\r'),
	(1790,'2017',46,5024,'2017-04-17','A\r'),
	(1791,'2017',46,5029,'2017-04-06','B+\r'),
	(1792,'2017',46,5034,'2017-04-10','B\r'),
	(1793,'2017',46,5012,'2017-04-14','B+\r'),
	(1794,'2017',46,5044,'2017-04-18','F\r'),
	(1795,'2017',47,5060,'2017-04-01','B\r'),
	(1796,'2017',47,5084,'2017-04-15','A-\r'),
	(1797,'2017',47,5124,'2017-04-19','B\r'),
	(1798,'2017',47,5164,'2017-04-11','B+\r'),
	(1799,'2017',47,5204,'2017-04-12','B\r'),
	(1800,'2017',47,5043,'2017-04-02','B+\r'),
	(1801,'2017',47,5059,'2017-04-05','A\r'),
	(1802,'2017',47,5083,'2017-04-20','A\r'),
	(1803,'2017',47,5123,'2017-04-16','A\r'),
	(1804,'2017',47,5163,'2017-04-06','C\r'),
	(1805,'2017',47,5203,'2017-04-13','B\r'),
	(1806,'2017',47,5243,'2017-04-17','B+\r'),
	(1807,'2017',47,5067,'2017-04-21','A\r'),
	(1808,'2017',47,5323,'2017-04-03','A-\r'),
	(1809,'2017',47,5388,'2017-04-14','C-\r'),
	(1810,'2017',47,5005,'2017-04-18','C\r'),
	(1811,'2017',47,5009,'2017-04-22','B\r'),
	(1812,'2017',47,5011,'2017-04-04','B+\r'),
	(1813,'2017',48,5014,'2017-04-13','B+\r'),
	(1814,'2017',48,5019,'2017-04-17','B+\r'),
	(1815,'2017',48,5024,'2017-04-03','B+\r'),
	(1816,'2017',48,5029,'2017-04-09','A\r'),
	(1817,'2017',48,5034,'2017-04-10','B\r'),
	(1818,'2017',48,5012,'2017-04-21','B\r'),
	(1819,'2017',48,5044,'2017-04-14','A-\r'),
	(1820,'2017',48,5084,'2017-04-18','B\r'),
	(1821,'2017',48,5124,'2017-04-22','C-\r'),
	(1822,'2017',48,5164,'2017-04-04','C\r'),
	(1823,'2017',48,5204,'2017-04-07','C-\r'),
	(1824,'2017',48,5008,'2017-04-11','C\r'),
	(1825,'2017',48,5010,'2017-04-15','C-\r'),
	(1826,'2017',48,5013,'2017-04-19','B+\r'),
	(1827,'2017',48,5018,'2017-04-01','A-\r'),
	(1828,'2017',48,5023,'2017-04-05','B\r'),
	(1829,'2017',48,5028,'2017-04-08','B\r'),
	(1830,'2017',48,5011,'2017-04-12','A\r'),
	(1831,'2017',48,5043,'2017-04-16','B\r'),
	(1832,'2017',48,5059,'2017-04-20','B\r'),
	(1833,'2017',48,5083,'2017-04-02','A\r'),
	(1834,'2017',49,5123,'2017-04-07','A\r'),
	(1835,'2017',49,5163,'2017-04-07','B+\r'),
	(1836,'2017',49,5203,'2017-04-11','C\r'),
	(1837,'2017',49,5243,'2017-04-15','B\r'),
	(1838,'2017',49,5010,'2017-04-08','A\r'),
	(1839,'2017',49,5042,'2017-04-08','A-\r'),
	(1840,'2017',49,5082,'2017-04-12','C-\r'),
	(1841,'2017',49,5122,'2017-04-16','C\r'),
	(1842,'2017',49,5162,'2017-04-05','C\r'),
	(1843,'2017',49,5202,'2017-04-09','B\r'),
	(1844,'2017',49,5242,'2017-04-09','B+\r'),
	(1845,'2017',49,5066,'2017-04-13','B\r'),
	(1846,'2017',49,5322,'2017-04-06','B\r'),
	(1847,'2017',49,5002,'2017-04-10','B\r'),
	(1848,'2017',49,5204,'2017-04-10','A\r'),
	(1849,'2017',49,5004,'2017-04-14','A\r'),
	(1850,'2017',50,5005,'2017-04-21','A\r'),
	(1851,'2017',50,5009,'2017-04-01','C\r'),
	(1852,'2017',50,5011,'2017-04-08','F\r'),
	(1853,'2017',50,5014,'2017-04-22','B+\r'),
	(1854,'2017',50,5019,'2017-04-07','A\r'),
	(1855,'2017',50,5024,'2017-04-18','B\r'),
	(1856,'2017',50,5029,'2017-04-20','A-\r'),
	(1857,'2017',50,5034,'2017-04-17','B\r'),
	(1858,'2017',50,5012,'2017-04-19','C-\r'),
	(1859,'2017',50,5044,'2017-04-02','B\r'),
	(1860,'2017',51,5084,'2017-04-05','B+\r'),
	(1861,'2017',51,5124,'2017-04-09','B\r'),
	(1862,'2017',51,5164,'2017-04-06','A\r'),
	(1863,'2017',51,5204,'2017-04-10','A\r'),
	(1864,'2017',51,5244,'2017-04-07','C\r'),
	(1865,'2017',51,5068,'2017-04-11','B\r'),
	(1866,'2017',51,5324,'2017-04-04','A-\r'),
	(1867,'2017',51,5184,'2017-04-08','C-\r'),
	(1868,'2017',52,5206,'2017-04-13','A\r'),
	(1869,'2017',52,5006,'2017-04-17','B\r'),
	(1870,'2017',52,5012,'2017-04-21','B\r'),
	(1871,'2017',52,5015,'2017-04-03','A\r'),
	(1872,'2017',52,5020,'2017-04-14','B+\r'),
	(1873,'2017',52,5025,'2017-04-18','B+\r'),
	(1874,'2017',52,5030,'2017-04-22','B\r'),
	(1875,'2017',52,5035,'2017-04-04','B+\r'),
	(1876,'2017',52,5013,'2017-04-15','A-\r'),
	(1877,'2017',52,5045,'2017-04-19','B\r'),
	(1878,'2017',52,5061,'2017-04-01','C-\r'),
	(1879,'2017',52,5085,'2017-04-12','C\r'),
	(1880,'2017',52,5165,'2017-04-16','C-\r'),
	(1881,'2017',52,5205,'2017-04-20','B+\r'),
	(1882,'2017',52,5245,'2017-04-02','A-\r'),
	(1883,'2017',53,5012,'2017-04-10','B\r'),
	(1884,'2017',53,5044,'2017-04-20','A-\r'),
	(1885,'2017',53,5060,'2017-04-08','A\r'),
	(1886,'2017',53,5084,'2017-04-21','A\r'),
	(1887,'2017',53,5124,'2017-04-02','B\r'),
	(1888,'2017',53,5164,'2017-04-14','B+\r'),
	(1889,'2017',53,5204,'2017-04-18','B\r'),
	(1890,'2017',53,5068,'2017-04-19','C-\r'),
	(1891,'2017',53,5324,'2017-04-17','B\r'),
	(1892,'2017',53,5092,'2017-04-07','A\r'),
	(1893,'2017',53,5206,'2017-04-11','B+\r'),
	(1894,'2017',53,5006,'2017-04-15','B\r'),
	(1895,'2017',53,5010,'2017-04-01','C\r'),
	(1896,'2017',53,5012,'2017-04-22','B+\r'),
	(1897,'2017',53,5015,'2017-04-09','B\r'),
	(1898,'2017',53,5020,'2017-04-16','B+\r'),
	(1899,'2017',53,5025,'2017-04-12','A-\r'),
	(1900,'2017',53,5013,'2017-04-02','B\r'),
	(1901,'2017',54,5045,'2017-04-01','A-\r'),
	(1902,'2017',54,5061,'2017-04-04','B+\r'),
	(1903,'2017',54,5085,'2017-04-15','C\r'),
	(1904,'2017',54,5125,'2017-04-17','B\r'),
	(1905,'2017',54,5165,'2017-04-16','C-\r'),
	(1906,'2017',54,5205,'2017-04-14','A\r'),
	(1907,'2017',54,5245,'2017-04-20','C\r'),
	(1908,'2017',54,5012,'2017-04-22','B+\r'),
	(1909,'2017',54,5044,'2017-04-19','B\r'),
	(1910,'2017',54,5084,'2017-04-03','B\r'),
	(1911,'2017',54,5124,'2017-04-05','B\r'),
	(1912,'2017',54,5164,'2017-04-18','A\r'),
	(1913,'2017',54,5204,'2017-04-02','C-\r'),
	(1914,'2017',54,5044,'2017-04-21','A\r'),
	(1915,'2017',54,5060,'2017-04-13','B+\r'),
	(1916,'2017',55,5084,'2017-04-06','B+\r'),
	(1917,'2017',55,5124,'2017-04-10','A-\r'),
	(1918,'2017',55,5164,'2017-04-12','B+\r'),
	(1919,'2017',55,5204,'2017-04-07','B\r'),
	(1920,'2017',55,5068,'2017-04-11','A\r'),
	(1921,'2017',55,5324,'2017-04-14','B\r'),
	(1922,'2017',55,5046,'2017-04-13','C\r'),
	(1923,'2017',55,5206,'2017-04-09','C-\r'),
	(1924,'2017',55,5006,'2017-04-08','B\r'),
	(1925,'2017',56,5010,'2017-04-19','C-\r'),
	(1926,'2017',56,5012,'2017-04-02','B\r'),
	(1927,'2017',56,5015,'2017-04-22','B+\r'),
	(1928,'2017',56,5020,'2017-04-20','A-\r'),
	(1929,'2017',56,5025,'2017-04-15','F\r'),
	(1930,'2017',56,5035,'2017-04-17','B\r'),
	(1931,'2017',56,5013,'2017-04-14','A\r'),
	(1932,'2017',56,5045,'2017-04-01','C\r'),
	(1933,'2017',56,5061,'2017-04-18','B\r'),
	(1934,'2017',56,5085,'2017-04-16','F\r'),
	(1935,'2017',56,5125,'2017-04-21','A\r'),
	(1936,'2017',56,5165,'2017-04-15','A\r'),
	(1937,'2017',57,5205,'2017-04-13','C\r'),
	(1938,'2017',57,5245,'2017-04-18','B\r'),
	(1939,'2017',57,5012,'2017-04-20','B\r'),
	(1940,'2017',57,5060,'2017-04-06','B+\r'),
	(1941,'2017',57,5084,'2017-04-19','B+\r'),
	(1942,'2017',57,5124,'2017-04-14','A\r'),
	(1943,'2017',57,5164,'2017-04-17','C-\r'),
	(1944,'2017',57,5204,'2017-04-09','C-\r'),
	(1945,'2017',57,5244,'2017-04-03','B\r'),
	(1946,'2017',57,5068,'2017-04-10','B\r'),
	(1947,'2017',57,5324,'2017-04-05','A-\r'),
	(1948,'2017',57,5023,'2017-04-15','B+\r'),
	(1949,'2017',57,5206,'2017-04-07','A\r'),
	(1950,'2017',57,5010,'2017-04-22','B\r'),
	(1951,'2017',57,5012,'2017-04-01','A\r'),
	(1952,'2017',57,5015,'2017-04-04','B+\r'),
	(1953,'2017',57,5020,'2017-04-16','A-\r'),
	(1954,'2017',57,5025,'2017-04-12','B\r'),
	(1955,'2017',57,5030,'2017-04-02','B\r'),
	(1956,'2017',57,5035,'2017-04-11','A\r'),
	(1957,'2017',57,5013,'2017-04-21','B+\r'),
	(1958,'2017',57,5045,'2017-04-08','C\r'),
	(1959,'2017',58,5061,'2017-04-21','C\r'),
	(1960,'2017',58,5125,'2017-04-09','A\r'),
	(1961,'2017',58,5165,'2017-04-01','B\r'),
	(1962,'2017',58,5205,'2017-04-01','B+\r'),
	(1963,'2017',58,5245,'2017-04-05','B+\r'),
	(1964,'2017',58,5012,'2017-04-20','B\r'),
	(1965,'2017',58,5044,'2017-04-07','B\r'),
	(1966,'2017',58,5060,'2017-04-02','A-\r'),
	(1967,'2017',58,5084,'2017-04-05','B+\r'),
	(1968,'2017',58,5124,'2017-04-10','B\r'),
	(1969,'2017',58,5164,'2017-04-06','C\r'),
	(1970,'2017',58,5244,'2017-04-04','B\r'),
	(1971,'2017',58,5068,'2017-04-22','A\r'),
	(1972,'2017',58,5324,'2017-04-03','A-\r'),
	(1973,'2017',58,5312,'2017-04-08','A\r'),
	(1974,'2017',58,5206,'2017-04-19','A\r'),
	(1975,'2017',58,5006,'2017-04-14','B+\r'),
	(1976,'2017',58,5010,'2017-04-17','C-\r'),
	(1977,'2017',58,5012,'2017-04-04','A\r'),
	(1978,'2017',58,5015,'2017-04-12','B+\r'),
	(1979,'2017',58,5020,'2017-04-06','B\r'),
	(1980,'2017',58,5030,'2017-04-11','B\r'),
	(1981,'2017',58,5035,'2017-04-15','A\r'),
	(1982,'2017',58,5013,'2017-04-13','A-\r'),
	(1983,'2017',58,5045,'2017-04-16','C\r'),
	(1984,'2017',58,5061,'2017-04-02','C-\r'),
	(1985,'2017',58,5085,'2017-04-03','C-\r'),
	(1986,'2017',58,5125,'2017-04-18','B\r'),
	(1987,'2017',59,5165,'2017-04-15','B\r'),
	(1988,'2017',59,5205,'2017-04-19','B\r'),
	(1989,'2017',59,5009,'2017-04-18','A\r'),
	(1990,'2017',59,5014,'2017-04-09','B\r'),
	(1991,'2017',59,5019,'2017-04-04','C-\r'),
	(1992,'2017',59,5024,'2017-04-20','B\r'),
	(1993,'2017',59,5029,'2017-04-11','A-\r'),
	(1994,'2017',59,5034,'2017-04-01','B+\r'),
	(1995,'2017',59,5012,'2017-04-16','A\r'),
	(1996,'2017',59,5044,'2017-04-22','A-\r'),
	(1997,'2017',59,5060,'2017-04-10','C-\r'),
	(1998,'2017',59,5084,'2017-04-02','A\r'),
	(1999,'2017',59,5124,'2017-04-14','C\r'),
	(2000,'2017',59,5011,'2017-04-03','C\r'),
	(2001,'2017',59,5043,'2017-04-08','B\r'),
	(2002,'2017',59,5059,'2017-04-07','B+\r'),
	(2003,'2017',59,5083,'2017-04-21','B+\r'),
	(2004,'2017',59,5123,'2017-04-17','F\r'),
	(2005,'2017',59,5163,'2017-04-12','A\r'),
	(2006,'2017',59,5203,'2017-04-13','B+\r'),
	(2007,'2017',60,5243,'2017-04-12','A-\r'),
	(2008,'2017',60,5067,'2017-04-16','B\r'),
	(2009,'2017',60,5323,'2017-04-15','C\r'),
	(2010,'2017',60,5205,'2017-04-13','A\r'),
	(2011,'2017',60,5005,'2017-04-14','B+\r'),
	(2012,'2017',60,5009,'2017-04-18','F\r'),
	(2013,'2017',60,5006,'2017-04-09','B\r'),
	(2014,'2017',60,5010,'2017-04-11','C-\r'),
	(2015,'2017',60,5012,'2017-04-17','A\r'),
	(2016,'2017',60,5015,'2017-04-19','A\r'),
	(2017,'2017',60,5020,'2017-04-10','B\r'),
	(2018,'2017',61,5025,'2017-04-08','B\r'),
	(2019,'2017',61,5030,'2017-04-03','A\r'),
	(2020,'2017',61,5013,'2017-04-06','B\r'),
	(2021,'2017',61,5045,'2017-04-21','B\r'),
	(2022,'2017',61,5061,'2017-04-05','C-\r'),
	(2023,'2017',61,5085,'2017-04-22','B+\r'),
	(2024,'2017',61,5125,'2017-04-07','A\r'),
	(2025,'2017',61,5165,'2017-04-20','B\r'),
	(2026,'2017',61,5205,'2017-04-02','B+\r'),
	(2027,'2017',61,5245,'2017-04-01','A-\r'),
	(2028,'2017',61,5069,'2017-04-04','C\r'),
	(2029,'2017',62,5325,'2017-04-01','C\r'),
	(2030,'2017',62,5207,'2017-04-14','B\r'),
	(2031,'2017',62,5007,'2017-04-15','B+\r'),
	(2032,'2017',62,5011,'2017-04-18','B\r'),
	(2033,'2017',62,5013,'2017-04-21','B+\r'),
	(2034,'2017',62,5016,'2017-04-14','B\r'),
	(2035,'2017',62,5021,'2017-04-18','B\r'),
	(2036,'2017',62,5026,'2017-04-12','A-\r'),
	(2037,'2017',62,5031,'2017-04-15','A\r'),
	(2038,'2017',62,5036,'2017-04-13','C-\r'),
	(2039,'2017',62,5014,'2017-04-20','C-\r'),
	(2040,'2017',62,5062,'2017-04-19','B+\r'),
	(2041,'2017',62,5086,'2017-04-21','A-\r'),
	(2042,'2017',62,5126,'2017-04-10','A\r'),
	(2043,'2017',62,5166,'2017-04-16','A\r'),
	(2044,'2017',62,5206,'2017-04-22','A\r'),
	(2045,'2017',62,5246,'2017-04-22','A\r'),
	(2046,'2017',62,5014,'2017-04-17','B+\r'),
	(2047,'2017',62,5019,'2017-04-09','C\r'),
	(2048,'2017',62,5024,'2017-04-01','B+\r'),
	(2049,'2017',62,5029,'2017-04-17','B\r'),
	(2050,'2017',62,5039,'2017-04-19','B\r'),
	(2051,'2017',62,5055,'2017-04-11','B+\r'),
	(2052,'2017',62,5079,'2017-04-20','A-\r'),
	(2053,'2017',62,5119,'2017-04-02','C\r'),
	(2054,'2017',62,5159,'2017-04-16','B\r'),
	(2055,'2017',63,5199,'2017-04-19','A-\r'),
	(2056,'2017',63,5239,'2017-04-01','B\r'),
	(2057,'2017',63,5006,'2017-04-05','C-\r'),
	(2058,'2017',63,5038,'2017-04-20','C-\r'),
	(2059,'2017',63,5054,'2017-04-02','B+\r'),
	(2060,'2017',63,5118,'2017-04-17','A\r'),
	(2061,'2017',63,5158,'2017-04-21','B\r'),
	(2062,'2017',63,5198,'2017-04-03','B\r'),
	(2063,'2017',63,5238,'2017-04-18','B+\r'),
	(2064,'2017',63,5062,'2017-04-22','B+\r'),
	(2065,'2017',63,5318,'2017-04-04','B\r'),
	(2066,'2017',64,5397,'2017-04-09','C\r'),
	(2067,'2017',64,5200,'2017-04-13','A\r'),
	(2068,'2017',64,5002,'2017-04-06','A-\r'),
	(2069,'2017',64,5004,'2017-04-10','B\r'),
	(2070,'2017',64,5009,'2017-04-14','B\r'),
	(2071,'2017',64,5014,'2017-04-07','A\r'),
	(2072,'2017',64,5019,'2017-04-11','A\r'),
	(2073,'2017',64,5024,'2017-04-15','B\r'),
	(2074,'2017',64,5029,'2017-04-08','B+\r'),
	(2075,'2017',64,5007,'2017-04-12','F\r'),
	(2089,'2017',67,5081,'2017-04-02','B\r'),
	(2090,'2017',67,5161,'2017-04-09','B\r'),
	(2091,'2017',67,5201,'2017-04-06','A\r'),
	(2092,'2017',67,5241,'2017-04-10','A\r'),
	(2093,'2017',67,5065,'2017-04-13','B\r'),
	(2094,'2017',67,5321,'2017-04-14','B\r'),
	(2095,'2017',67,5092,'2017-04-01','B+\r'),
	(2096,'2017',67,5203,'2017-04-05','A-\r'),
	(2097,'2017',67,5003,'2017-04-21','B+\r'),
	(2098,'2017',67,5007,'2017-04-03','B\r'),
	(2099,'2017',67,5009,'2017-04-07','B+\r'),
	(2100,'2017',67,5022,'2017-04-11','F\r'),
	(2101,'2017',67,5027,'2017-04-22','B\r'),
	(2102,'2017',67,5032,'2017-04-04','C-\r'),
	(2103,'2017',67,5010,'2017-04-08','C\r'),
	(2104,'2017',67,5042,'2017-04-12','A\r'),
	(2105,'2017',68,5058,'2017-04-18','A\r'),
	(2106,'2017',68,5082,'2017-04-22','A\r'),
	(2107,'2017',68,5122,'2017-04-01','B\r'),
	(2108,'2017',68,5162,'2017-04-17','B+\r'),
	(2109,'2017',68,5202,'2017-04-21','B\r'),
	(2110,'2017',68,5009,'2017-04-03','A\r'),
	(2111,'2017',68,5041,'2017-04-05','A-\r'),
	(2112,'2017',68,5057,'2017-04-02','C\r'),
	(2113,'2017',68,5081,'2017-04-15','B+\r'),
	(2114,'2017',68,5121,'2017-04-19','C\r'),
	(2115,'2017',68,5161,'2017-04-16','A-\r'),
	(2116,'2017',68,5201,'2017-04-04','B+\r'),
	(2117,'2017',68,5241,'2017-04-20','C-\r'),
	(2118,'2017',69,5065,'2017-04-09','B\r'),
	(2119,'2017',69,5321,'2017-04-07','B\r'),
	(2120,'2017',69,5203,'2017-04-06','C-\r'),
	(2121,'2017',69,5003,'2017-04-11','B\r'),
	(2122,'2017',69,5007,'2017-04-15','A\r'),
	(2123,'2017',69,5009,'2017-04-13','C-\r'),
	(2124,'2017',69,5012,'2017-04-08','B+\r'),
	(2125,'2017',69,5017,'2017-04-16','B+\r'),
	(2126,'2017',69,5022,'2017-04-10','B+\r'),
	(2127,'2017',69,5027,'2017-04-14','A-\r'),
	(2128,'2017',69,5032,'2017-04-12','B\r'),
	(2129,'2017',69,5010,'2017-04-17','C\r'),
	(2130,'2017',70,5058,'2017-04-07','C-\r'),
	(2131,'2017',70,5082,'2017-04-11','B+\r'),
	(2132,'2017',70,5122,'2017-04-15','A-\r'),
	(2133,'2017',70,5162,'2017-04-19','B\r'),
	(2134,'2017',70,5202,'2017-04-01','B\r'),
	(2135,'2017',70,5242,'2017-04-08','B\r'),
	(2136,'2017',70,5009,'2017-04-12','B\r'),
	(2137,'2017',70,5041,'2017-04-16','A\r'),
	(2138,'2017',70,5057,'2017-04-20','A\r'),
	(2139,'2017',70,5081,'2017-04-02','B+\r'),
	(2140,'2017',70,5161,'2017-04-09','B+\r'),
	(2141,'2017',70,5201,'2017-04-13','B\r'),
	(2142,'2017',70,5241,'2017-04-17','B+\r'),
	(2143,'2017',70,5065,'2017-04-21','A\r'),
	(2144,'2017',70,5321,'2017-04-03','A-\r'),
	(2145,'2017',70,5104,'2017-04-10','B\r'),
	(2146,'2017',70,5203,'2017-04-14','C-\r'),
	(2147,'2017',70,5003,'2017-04-18','C\r'),
	(2148,'2017',70,5007,'2017-04-22','B\r'),
	(2149,'2017',70,5009,'2017-04-04','B+\r'),
	(2171,'2017',73,5161,'2017-04-06','A\r'),
	(2172,'2017',73,5201,'2017-04-10','B\r'),
	(2173,'2017',73,5241,'2017-04-14','A\r'),
	(2174,'2017',73,5008,'2017-04-07','F\r'),
	(2175,'2017',73,5040,'2017-04-11','B+\r'),
	(2176,'2017',73,5056,'2017-04-15','C\r'),
	(2177,'2017',73,5080,'2017-04-04','C\r'),
	(2178,'2017',73,5120,'2017-04-08','A\r'),
	(2179,'2017',73,5160,'2017-04-12','A-\r'),
	(2180,'2017',73,5240,'2017-04-16','C-\r'),
	(2181,'2017',73,5064,'2017-04-05','B\r'),
	(2182,'2017',73,5320,'2017-04-09','B\r'),
	(2183,'2017',73,5399,'2017-04-13','B+\r'),
	(2184,'2017',73,5202,'2017-04-17','B\r'),
	(2185,'2017',74,5002,'2017-04-18','A\r'),
	(2186,'2017',74,5006,'2017-04-22','B+\r'),
	(2187,'2017',74,5003,'2017-04-04','B+\r'),
	(2188,'2017',74,5007,'2017-04-08','B\r'),
	(2189,'2017',74,5009,'2017-04-19','B\r'),
	(2190,'2017',74,5017,'2017-04-01','A-\r'),
	(2191,'2017',74,5022,'2017-04-05','B\r'),
	(2192,'2017',74,5027,'2017-04-09','C-\r'),
	(2193,'2017',74,5032,'2017-04-20','C\r'),
	(2194,'2017',74,5010,'2017-04-02','C-\r'),
	(2195,'2017',74,5042,'2017-04-06','B+\r'),
	(2196,'2017',74,5058,'2017-04-21','A\r'),
	(2197,'2017',74,5082,'2017-04-03','B\r'),
	(2198,'2017',74,5122,'2017-04-07','B\r'),
	(2199,'2018',1,5162,'2017-11-01','C-\r'),
	(2200,'2018',1,5066,'2017-11-01','C\r'),
	(2201,'2018',1,5322,'2017-11-02','A\r'),
	(2202,'2018',1,5001,'2017-11-02','B+\r'),
	(2203,'2018',1,5204,'2017-11-03','A-\r'),
	(2204,'2018',1,5004,'2017-11-04','B\r'),
	(2205,'2018',1,5008,'2017-11-05','B\r'),
	(2206,'2018',1,5010,'2017-11-05','B\r'),
	(2207,'2018',1,5013,'2017-11-06','A\r'),
	(2208,'2018',1,5018,'2017-11-07','A\r'),
	(2209,'2018',1,5023,'2017-11-07','B\r'),
	(2210,'2018',1,5033,'2017-11-08','B\r'),
	(2211,'2018',1,5011,'2017-11-08','B+\r'),
	(2212,'2018',1,5043,'2017-11-01','F\r'),
	(2213,'2018',2,5059,'2017-11-01','A-\r'),
	(2214,'2018',2,5083,'2017-11-02','C-\r'),
	(2215,'2018',2,5123,'2017-11-02','C\r'),
	(2216,'2018',2,5163,'2017-11-03','C-\r'),
	(2217,'2018',2,5203,'2017-11-04','B+\r'),
	(2218,'2018',2,5243,'2017-11-05','B+\r'),
	(2219,'2018',2,5010,'2017-11-05','A\r'),
	(2220,'2018',2,5058,'2017-11-06','B\r'),
	(2221,'2018',2,5082,'2017-11-07','A\r'),
	(2222,'2018',2,5122,'2017-11-07','B\r'),
	(2223,'2018',2,5162,'2017-11-08','B\r'),
	(2224,'2018',2,5202,'2017-11-08','B+\r'),
	(2225,'2018',2,5242,'2017-11-01','A\r'),
	(2226,'2018',2,5066,'2017-11-01','A\r'),
	(2227,'2018',2,5322,'2017-11-02','B+\r'),
	(2228,'2018',2,5255,'2017-11-02','B+\r'),
	(2229,'2018',2,5204,'2017-11-03','B\r'),
	(2230,'2018',2,5008,'2017-11-04','C\r'),
	(2231,'2018',2,5010,'2017-11-05','B+\r'),
	(2232,'2018',2,5013,'2017-11-05','C\r'),
	(2233,'2018',2,5018,'2017-11-06','B\r'),
	(2234,'2018',2,5023,'2017-11-07','A-\r'),
	(2235,'2018',2,5028,'2017-11-07','B\r'),
	(2236,'2018',2,5033,'2017-11-08','C-\r'),
	(2237,'2018',2,5011,'2017-11-08','A-\r'),
	(2238,'2018',3,5043,'2017-11-01','A\r'),
	(2239,'2018',3,5059,'2017-11-01','B+\r'),
	(2240,'2018',3,5123,'2017-11-02','C\r'),
	(2241,'2018',3,5163,'2017-11-02','B\r'),
	(2242,'2018',3,5203,'2017-11-03','A\r'),
	(2243,'2018',3,5243,'2017-11-04','A-\r'),
	(2244,'2018',3,5010,'2017-11-05','C-\r'),
	(2245,'2018',3,5042,'2017-11-05','B\r'),
	(2246,'2018',3,5058,'2017-11-06','B+\r'),
	(2247,'2018',3,5082,'2017-11-07','B\r'),
	(2248,'2018',3,5122,'2017-11-07','B\r'),
	(2249,'2018',3,5162,'2017-11-08','B\r'),
	(2250,'2018',3,5042,'2017-11-08','A\r'),
	(2251,'2018',3,5058,'2017-11-01','A\r'),
	(2281,'2018',6,5242,'2017-11-03','C\r'),
	(2282,'2018',6,5066,'2017-11-04','C-\r'),
	(2283,'2018',6,5322,'2017-11-05','B+\r'),
	(2284,'2018',6,5064,'2017-11-05','A-\r'),
	(2285,'2018',6,5204,'2017-11-06','B\r'),
	(2286,'2018',6,5004,'2017-11-07','A\r'),
	(2287,'2018',6,5008,'2017-11-07','B\r'),
	(2288,'2018',6,5010,'2017-11-08','B\r'),
	(2289,'2018',6,5013,'2017-11-08','B\r'),
	(2290,'2018',6,5005,'2017-11-01','A\r'),
	(2291,'2018',6,5007,'2017-11-01','A\r'),
	(2292,'2018',6,5010,'2017-11-02','B\r'),
	(2293,'2018',6,5015,'2017-11-02','B+\r'),
	(2294,'2018',6,5020,'2017-11-03','B+\r'),
	(2295,'2018',6,5025,'2017-11-04','B\r'),
	(2296,'2018',6,5030,'2017-11-05','B+\r'),
	(2297,'2018',6,5008,'2017-11-05','F\r'),
	(2298,'2018',6,5040,'2017-11-06','B\r'),
	(2299,'2018',6,5056,'2017-11-07','A-\r'),
	(2300,'2018',6,5160,'2017-11-07','B\r'),
	(2301,'2018',6,5200,'2017-11-08','C-\r'),
	(2302,'2018',6,5240,'2017-11-08','C\r'),
	(2303,'2018',6,5064,'2017-11-01','A\r'),
	(2304,'2018',7,5320,'2017-11-01','B+\r'),
	(2305,'2018',7,5399,'2017-11-02','B\r'),
	(2306,'2018',7,5202,'2017-11-02','B+\r'),
	(2307,'2018',7,5002,'2017-11-03','A\r'),
	(2308,'2018',7,5006,'2017-11-04','B\r'),
	(2309,'2018',7,5008,'2017-11-05','C-\r'),
	(2310,'2018',7,5016,'2017-11-05','C\r'),
	(2311,'2018',7,5021,'2017-11-06','B\r'),
	(2312,'2018',7,5026,'2017-11-07','B+\r'),
	(2313,'2018',7,5031,'2017-11-07','A-\r'),
	(2314,'2018',7,5009,'2017-11-08','B\r'),
	(2315,'2018',7,5041,'2017-11-08','B\r'),
	(2316,'2018',7,5057,'2017-11-01','B\r'),
	(2317,'2018',7,5081,'2017-11-01','A\r'),
	(2318,'2018',7,5121,'2017-11-02','A\r'),
	(2319,'2018',8,5161,'2017-11-02','A-\r'),
	(2320,'2018',8,5241,'2017-11-03','C-\r'),
	(2321,'2018',8,5008,'2017-11-04','C\r'),
	(2322,'2018',8,5040,'2017-11-05','C-\r'),
	(2323,'2018',8,5056,'2017-11-05','B+\r'),
	(2324,'2018',8,5080,'2017-11-06','B+\r'),
	(2325,'2018',8,5120,'2017-11-07','B\r'),
	(2326,'2018',8,5160,'2017-11-07','A\r'),
	(2327,'2018',8,5200,'2017-11-08','B\r'),
	(2328,'2018',8,5240,'2017-11-08','A\r'),
	(2329,'2018',8,5064,'2017-11-01','A\r'),
	(2330,'2018',8,5399,'2017-11-01','B+\r'),
	(2331,'2018',8,5202,'2017-11-02','B+\r'),
	(2332,'2018',8,5002,'2017-11-02','B+\r'),
	(2333,'2018',8,5006,'2017-11-03','C\r'),
	(2334,'2018',8,5008,'2017-11-04','B\r'),
	(2335,'2018',8,5011,'2017-11-05','A-\r'),
	(2336,'2018',8,5016,'2017-11-05','B\r'),
	(2337,'2018',9,5021,'2017-11-06','A-\r'),
	(2338,'2018',9,5026,'2017-11-07','B\r'),
	(2339,'2018',9,5031,'2017-11-07','B\r'),
	(2340,'2018',9,5041,'2017-11-08','B+\r'),
	(2341,'2018',9,5057,'2017-11-08','B\r'),
	(2342,'2018',9,5081,'2017-11-01','B\r'),
	(2343,'2018',9,5121,'2017-11-01','A\r'),
	(2344,'2018',9,5161,'2017-11-02','A\r'),
	(2345,'2018',9,5201,'2017-11-02','B\r'),
	(2346,'2018',9,5241,'2017-11-03','A\r'),
	(2347,'2018',9,5008,'2017-11-04','A\r'),
	(2348,'2018',9,5040,'2017-11-05','B\r'),
	(2349,'2018',9,5056,'2017-11-05','B+\r'),
	(2350,'2018',9,5120,'2017-11-06','F\r'),
	(2351,'2018',9,5160,'2017-11-07','B+\r'),
	(2352,'2018',9,5200,'2017-11-07','C\r'),
	(2353,'2018',9,5240,'2017-11-08','B\r'),
	(2354,'2018',9,5064,'2017-11-08','C-\r'),
	(2355,'2018',9,5320,'2017-11-01','C\r'),
	(2356,'2018',9,5399,'2017-11-01','A\r'),
	(2357,'2018',9,5202,'2017-11-02','A-\r'),
	(2358,'2018',9,5002,'2017-11-02','C-\r'),
	(2392,'2018',12,5063,'2017-11-08','C\r'),
	(2393,'2018',12,5319,'2017-11-08','B\r'),
	(2394,'2018',12,5398,'2017-11-01','A-\r'),
	(2395,'2018',12,5201,'2017-11-01','B\r'),
	(2396,'2018',12,5001,'2017-11-02','C-\r'),
	(2397,'2018',12,5005,'2017-11-02','C\r'),
	(2398,'2018',12,5002,'2017-11-03','C-\r'),
	(2399,'2018',12,5006,'2017-11-04','B\r'),
	(2400,'2018',12,5016,'2017-11-05','A\r'),
	(2401,'2018',12,5021,'2017-11-05','B\r'),
	(2402,'2018',12,5026,'2017-11-06','A\r'),
	(2403,'2018',12,5031,'2017-11-07','A\r'),
	(2404,'2018',12,5009,'2017-11-07','B+\r'),
	(2405,'2018',12,5041,'2017-11-08','B+\r'),
	(2406,'2018',13,5057,'2017-11-08','A-\r'),
	(2407,'2018',13,5081,'2017-11-01','B\r'),
	(2408,'2018',13,5121,'2017-11-01','C-\r'),
	(2409,'2018',13,5161,'2017-11-02','C\r'),
	(2410,'2018',13,5241,'2017-11-02','C-\r'),
	(2411,'2018',13,5065,'2017-11-03','B+\r'),
	(2412,'2018',13,5321,'2017-11-04','A-\r'),
	(2413,'2018',13,5316,'2017-11-05','A\r'),
	(2414,'2018',13,5203,'2017-11-05','B\r'),
	(2415,'2018',13,5003,'2017-11-06','B\r'),
	(2416,'2018',13,5007,'2017-11-07','A\r'),
	(2417,'2018',13,5009,'2017-11-07','B+\r'),
	(2418,'2018',13,5012,'2017-11-08','B+\r'),
	(2419,'2018',13,5017,'2017-11-08','B\r'),
	(2420,'2018',13,5027,'2017-11-01','B+\r'),
	(2421,'2018',14,5032,'2017-11-01','C\r'),
	(2422,'2018',14,5010,'2017-11-02','C-\r'),
	(2423,'2018',14,5042,'2017-11-02','B+\r'),
	(2424,'2018',14,5058,'2017-11-03','A-\r'),
	(2425,'2018',14,5082,'2017-11-04','B\r'),
	(2426,'2018',14,5122,'2017-11-05','B\r'),
	(2427,'2018',14,5162,'2017-11-05','B\r'),
	(2428,'2018',14,5202,'2017-11-06','B\r'),
	(2429,'2018',14,5242,'2017-11-07','B\r'),
	(2430,'2018',14,5041,'2017-11-07','A\r'),
	(2431,'2018',14,5057,'2017-11-08','A\r'),
	(2432,'2018',14,5081,'2017-11-08','B\r'),
	(2433,'2018',14,5121,'2017-11-01','A\r'),
	(2434,'2018',14,5161,'2017-11-01','B+\r'),
	(2435,'2018',14,5201,'2017-11-02','B\r'),
	(2436,'2018',14,5241,'2017-11-02','B+\r'),
	(2437,'2018',14,5065,'2017-11-03','F\r'),
	(2438,'2018',14,5321,'2017-11-04','B+\r'),
	(2439,'2018',14,5328,'2017-11-05','F\r'),
	(2440,'2018',14,5003,'2017-11-05','B\r'),
	(2441,'2018',14,5007,'2017-11-06','C-\r'),
	(2442,'2018',14,5009,'2017-11-07','C\r'),
	(2443,'2018',14,5012,'2017-11-07','A\r'),
	(2444,'2018',15,5017,'2017-11-08','F\r'),
	(2445,'2018',15,5022,'2017-11-08','B+\r'),
	(2446,'2018',15,5027,'2017-11-01','C\r'),
	(2447,'2018',15,5032,'2017-11-01','B\r'),
	(2448,'2018',15,5010,'2017-11-02','A-\r'),
	(2449,'2018',15,5042,'2017-11-02','A\r'),
	(2450,'2018',15,5082,'2017-11-03','A-\r'),
	(2451,'2018',15,5122,'2017-11-04','C-\r'),
	(2452,'2018',15,5162,'2017-11-05','C\r'),
	(2453,'2018',15,5202,'2017-11-05','C-\r'),
	(2454,'2018',15,5242,'2017-11-06','B\r'),
	(2455,'2018',15,5009,'2017-11-07','B+\r'),
	(2456,'2018',15,5041,'2017-11-07','B\r'),
	(2457,'2018',15,5057,'2017-11-08','A\r'),
	(2458,'2018',15,5081,'2017-11-08','B\r'),
	(2459,'2018',15,5121,'2017-11-01','A\r'),
	(2460,'2018',15,5201,'2017-11-01','B\r'),
	(2461,'2018',15,5041,'2017-11-02','A\r'),
	(2462,'2018',15,5057,'2017-11-02','A\r'),
	(2463,'2018',15,5081,'2017-11-03','B+\r'),
	(2464,'2018',15,5121,'2017-11-04','B+\r'),
	(2465,'2018',16,5161,'2017-11-05','B\r'),
	(2466,'2018',16,5201,'2017-11-05','C-\r'),
	(2467,'2018',16,5241,'2017-11-06','C\r'),
	(2468,'2018',16,5065,'2017-11-07','B\r'),
	(2469,'2018',16,5321,'2017-11-07','B+\r'),
	(2470,'2018',16,5203,'2017-11-08','A-\r'),
	(2471,'2018',16,5003,'2017-11-08','B\r'),
	(2472,'2018',16,5007,'2017-11-01','B\r'),
	(2473,'2018',16,5009,'2017-11-01','B\r'),
	(2474,'2018',16,5012,'2017-11-02','A\r'),
	(2475,'2018',16,5017,'2017-11-02','A\r'),
	(2476,'2018',16,5022,'2017-11-03','B+\r'),
	(2477,'2018',16,5027,'2017-11-04','B\r'),
	(2478,'2018',16,5032,'2017-11-05','B+\r'),
	(2479,'2018',16,5010,'2017-11-05','A\r'),
	(2480,'2018',17,5058,'2017-11-06','B+\r'),
	(2481,'2018',17,5082,'2017-11-07','B\r'),
	(2482,'2018',17,5122,'2017-11-07','A\r'),
	(2483,'2018',17,5162,'2017-11-08','B\r'),
	(2484,'2018',17,5202,'2017-11-08','B\r'),
	(2485,'2018',17,5242,'2017-11-01','A\r'),
	(2486,'2018',17,5009,'2017-11-01','A\r'),
	(2487,'2018',17,5041,'2017-11-02','B+\r'),
	(2488,'2018',17,5057,'2017-11-02','B+\r'),
	(2489,'2018',17,5081,'2017-11-03','B\r'),
	(2490,'2018',17,5161,'2017-11-04','C\r'),
	(2491,'2018',17,5201,'2017-11-05','B\r'),
	(2492,'2018',17,5241,'2017-11-05','A-\r'),
	(2493,'2018',17,5065,'2017-11-06','B\r'),
	(2494,'2018',17,5321,'2017-11-07','C-\r'),
	(2495,'2018',17,5364,'2017-11-07','A-\r'),
	(2496,'2018',17,5203,'2017-11-08','C-\r'),
	(2497,'2018',17,5003,'2017-11-08','C\r'),
	(2498,'2018',17,5007,'2017-11-01','C-\r'),
	(2499,'2018',17,5009,'2017-11-01','B+\r'),
	(2500,'2018',17,5022,'2017-11-02','A-\r'),
	(2501,'2018',19,5027,'2017-11-02','A\r'),
	(2502,'2018',19,5032,'2017-11-03','A\r'),
	(2503,'2018',19,5010,'2017-11-04','C\r'),
	(2504,'2018',19,5042,'2017-11-05','C-\r'),
	(2505,'2018',19,5058,'2017-11-05','B+\r'),
	(2506,'2018',19,5082,'2017-11-06','B+\r'),
	(2507,'2018',19,5122,'2017-11-07','A-\r'),
	(2508,'2018',19,5162,'2017-11-07','F\r'),
	(2509,'2018',19,5202,'2017-11-08','A\r'),
	(2510,'2018',19,5009,'2017-11-08','B\r'),
	(2511,'2018',19,5041,'2017-11-01','B\r'),
	(2512,'2018',19,5057,'2017-11-01','A\r'),
	(2513,'2018',19,5081,'2017-11-02','C\r'),
	(2514,'2018',19,5121,'2017-11-02','A\r'),
	(2515,'2018',19,5161,'2017-11-03','B+\r'),
	(2516,'2018',19,5201,'2017-11-04','B+\r'),
	(2517,'2018',19,5241,'2017-11-05','B\r'),
	(2518,'2018',19,5065,'2017-11-05','B+\r'),
	(2519,'2018',19,5321,'2017-11-06','B\r'),
	(2520,'2018',19,5203,'2017-11-07','B\r'),
	(2521,'2018',19,5003,'2017-11-07','A-\r'),
	(2522,'2018',19,5007,'2017-11-08','B\r'),
	(2523,'2018',19,5009,'2017-11-08','C-\r'),
	(2524,'2018',20,5012,'2017-11-01','B\r'),
	(2525,'2018',20,5017,'2017-11-01','B\r'),
	(2526,'2018',20,5022,'2017-11-02','A\r'),
	(2527,'2018',20,5027,'2017-11-02','A\r'),
	(2528,'2018',20,5032,'2017-11-03','B+\r'),
	(2529,'2018',20,5010,'2017-11-04','C-\r'),
	(2530,'2018',20,5058,'2017-11-05','B+\r'),
	(2531,'2018',20,5082,'2017-11-05','C\r'),
	(2532,'2018',20,5122,'2017-11-06','B\r'),
	(2533,'2018',20,5162,'2017-11-07','A-\r'),
	(2534,'2018',20,5202,'2017-11-07','A\r'),
	(2535,'2018',20,5006,'2017-11-08','A-\r'),
	(2536,'2018',20,5008,'2017-11-08','C-\r'),
	(2537,'2018',20,5011,'2017-11-01','C\r'),
	(2538,'2018',20,5016,'2017-11-01','C-\r'),
	(2539,'2018',20,5021,'2017-11-02','C\r'),
	(2540,'2018',20,5031,'2017-11-02','B\r'),
	(2541,'2018',20,5009,'2017-11-03','B+\r'),
	(2542,'2018',20,5041,'2017-11-04','B\r'),
	(2543,'2018',20,5057,'2017-11-05','A\r'),
	(2544,'2018',20,5081,'2017-11-05','B\r'),
	(2545,'2018',21,5121,'2017-11-06','B\r'),
	(2546,'2018',21,5161,'2017-11-07','C\r'),
	(2547,'2018',21,5201,'2017-11-07','A\r'),
	(2548,'2018',21,5241,'2017-11-08','B\r'),
	(2549,'2018',21,5008,'2017-11-08','A-\r'),
	(2550,'2018',21,5056,'2017-11-01','B+\r'),
	(2551,'2018',21,5080,'2017-11-01','C-\r'),
	(2552,'2018',21,5120,'2017-11-02','A\r'),
	(2553,'2018',21,5160,'2017-11-02','B+\r'),
	(2554,'2018',21,5200,'2017-11-03','B+\r'),
	(2555,'2018',21,5240,'2017-11-04','A\r'),
	(2556,'2018',21,5064,'2017-11-05','A\r'),
	(2557,'2018',21,5320,'2017-11-05','B\r'),
	(2558,'2018',21,5399,'2017-11-06','C\r'),
	(2559,'2018',21,5202,'2017-11-07','A\r'),
	(2560,'2018',21,5006,'2017-11-07','B\r'),
	(2561,'2018',21,5003,'2017-11-08','B\r'),
	(2562,'2018',22,5007,'2017-11-08','B\r'),
	(2563,'2018',22,5009,'2017-11-01','F\r'),
	(2564,'2018',22,5012,'2017-11-01','B\r'),
	(2565,'2018',22,5017,'2017-11-02','B+\r'),
	(2566,'2018',22,5022,'2017-11-02','B\r'),
	(2567,'2018',22,5027,'2017-11-03','C-\r'),
	(2568,'2018',22,5032,'2017-11-04','B\r'),
	(2569,'2018',22,5010,'2017-11-05','B+\r'),
	(2570,'2018',22,5058,'2017-11-05','A\r'),
	(2571,'2018',22,5082,'2017-11-06','A\r'),
	(2572,'2018',22,5122,'2017-11-07','B+\r'),
	(2573,'2018',22,5162,'2017-11-07','C\r'),
	(2574,'2018',22,5202,'2017-11-08','C-\r'),
	(2575,'2018',22,5242,'2017-11-08','B\r'),
	(2576,'2018',22,5066,'2017-11-01','B+\r'),
	(2577,'2018',22,5322,'2017-11-01','B+\r'),
	(2578,'2018',22,5032,'2017-11-02','B\r'),
	(2579,'2018',22,5204,'2017-11-02','A\r'),
	(2580,'2018',22,5008,'2017-11-03','B\r'),
	(2581,'2018',22,5010,'2017-11-04','A\r'),
	(2582,'2018',22,5013,'2017-11-05','A-\r'),
	(2583,'2018',22,5018,'2017-11-05','A-\r'),
	(2584,'2018',22,5023,'2017-11-06','A-\r'),
	(2585,'2018',23,5028,'2017-11-07','C\r'),
	(2586,'2018',23,5033,'2017-11-07','A-\r'),
	(2587,'2018',23,5011,'2017-11-08','B+\r'),
	(2588,'2018',23,5043,'2017-11-08','C\r'),
	(2589,'2018',23,5059,'2017-11-01','A\r'),
	(2590,'2018',23,5123,'2017-11-01','A\r'),
	(2591,'2018',23,5163,'2017-11-02','C-\r'),
	(2592,'2018',23,5203,'2017-11-02','B\r'),
	(2593,'2018',23,5243,'2017-11-03','B+\r'),
	(2594,'2018',23,5010,'2017-11-04','B\r'),
	(2595,'2018',23,5042,'2017-11-05','C-\r'),
	(2596,'2018',23,5058,'2017-11-05','B\r'),
	(2597,'2018',23,5082,'2017-11-06','B\r'),
	(2598,'2018',24,5122,'2017-11-07','B\r'),
	(2599,'2018',24,5162,'2017-11-07','B\r'),
	(2600,'2018',24,5066,'2017-11-08','B\r'),
	(2601,'2018',24,5322,'2017-11-08','A\r'),
	(2602,'2018',24,5016,'2017-11-01','C\r'),
	(2603,'2018',24,5204,'2017-11-01','C-\r'),
	(2604,'2018',24,5004,'2017-11-02','B\r'),
	(2605,'2018',24,5008,'2017-11-02','B\r'),
	(2606,'2018',24,5010,'2017-11-03','B+\r'),
	(2607,'2018',24,5013,'2017-11-04','B+\r'),
	(2608,'2018',24,5018,'2017-11-05','A\r'),
	(2609,'2018',24,5023,'2017-11-05','A-\r'),
	(2610,'2018',24,5033,'2017-11-06','A\r'),
	(2611,'2018',25,5011,'2017-11-07','B\r'),
	(2612,'2018',25,5043,'2017-11-07','A\r'),
	(2613,'2018',25,5059,'2017-11-08','A-\r'),
	(2614,'2018',25,5083,'2017-11-08','B+\r'),
	(2615,'2018',25,5123,'2017-11-01','B+\r'),
	(2616,'2018',25,5163,'2017-11-01','C\r'),
	(2617,'2018',25,5203,'2017-11-02','B+\r'),
	(2618,'2018',25,5243,'2017-11-02','B\r'),
	(2619,'2018',25,5010,'2017-11-03','A\r'),
	(2620,'2018',25,5058,'2017-11-04','C\r'),
	(2621,'2018',25,5082,'2017-11-05','C-\r'),
	(2622,'2018',25,5122,'2017-11-05','A\r'),
	(2623,'2018',26,5162,'2017-11-06','B\r'),
	(2624,'2018',26,5202,'2017-11-07','B\r'),
	(2625,'2018',26,5042,'2017-11-07','C-\r'),
	(2626,'2018',26,5058,'2017-11-08','A-\r'),
	(2627,'2018',26,5082,'2017-11-08','B+\r'),
	(2628,'2018',26,5122,'2017-11-01','B\r'),
	(2629,'2018',26,5162,'2017-11-01','C-\r'),
	(2630,'2018',26,5242,'2017-11-02','B+\r'),
	(2631,'2018',26,5066,'2017-11-02','B\r'),
	(2632,'2018',27,5322,'2017-11-03','A\r'),
	(2633,'2018',27,5008,'2017-11-04','C\r'),
	(2634,'2018',27,5204,'2017-11-05','B+\r'),
	(2635,'2018',27,5004,'2017-11-05','A\r'),
	(2636,'2018',27,5008,'2017-11-06','A-\r'),
	(2637,'2018',27,5010,'2017-11-07','B\r'),
	(2638,'2018',28,5013,'2017-11-07','A-\r'),
	(2639,'2018',28,5018,'2017-11-08','B\r'),
	(2640,'2018',28,5028,'2017-11-08','F\r'),
	(2641,'2018',28,5033,'2017-11-01','A\r'),
	(2642,'2018',28,5011,'2017-11-01','B+\r'),
	(2643,'2018',28,5043,'2017-11-02','B\r'),
	(2644,'2018',28,5059,'2017-11-02','B+\r'),
	(2645,'2018',29,5083,'2017-11-03','C-\r'),
	(2646,'2018',29,5123,'2017-11-04','C\r'),
	(2647,'2018',29,5163,'2017-11-05','C\r'),
	(2648,'2018',29,5203,'2017-11-05','B\r'),
	(2649,'2018',29,5243,'2017-11-06','A\r'),
	(2650,'2018',29,5042,'2017-11-07','B\r'),
	(2651,'2018',29,5058,'2017-11-07','A\r'),
	(2652,'2018',30,5082,'2017-11-08','B+\r'),
	(2653,'2018',30,5122,'2017-11-08','C-\r'),
	(2654,'2018',30,5162,'2017-11-01','B\r'),
	(2655,'2018',30,5202,'2017-11-01','B+\r'),
	(2656,'2018',30,5242,'2017-11-02','B+\r'),
	(2657,'2018',30,5066,'2017-11-02','A\r'),
	(2658,'2018',30,5322,'2017-11-03','C-\r'),
	(2659,'2018',30,5004,'2017-11-04','A-\r'),
	(2660,'2018',30,5004,'2017-11-05','B\r'),
	(2661,'2018',30,5008,'2017-11-05','A\r'),
	(2662,'2018',30,5010,'2017-11-06','B\r'),
	(2663,'2018',30,5013,'2017-11-07','C\r'),
	(2664,'2018',30,5018,'2017-11-07','B+\r'),
	(2665,'2018',30,5023,'2017-11-08','B\r'),
	(2666,'2018',30,5028,'2017-11-08','A-\r'),
	(2667,'2018',31,5033,'2017-11-01','A\r'),
	(2668,'2018',31,5011,'2017-11-01','A\r'),
	(2669,'2018',31,5043,'2017-11-02','C-\r'),
	(2670,'2018',31,5083,'2017-11-02','B\r'),
	(2671,'2018',31,5123,'2017-11-03','A\r'),
	(2672,'2018',31,5163,'2017-11-04','B\r'),
	(2673,'2018',31,5203,'2017-11-05','C\r'),
	(2674,'2018',31,5243,'2017-11-05','B+\r'),
	(2675,'2018',31,5010,'2017-11-06','A-\r'),
	(2676,'2018',31,5042,'2017-11-07','B+\r'),
	(2677,'2018',31,5058,'2017-11-07','B\r'),
	(2678,'2018',32,5082,'2017-11-08','B+\r'),
	(2679,'2018',32,5122,'2017-11-08','B\r'),
	(2680,'2018',32,5202,'2017-11-01','B\r'),
	(2681,'2018',32,5242,'2017-11-01','B+\r'),
	(2682,'2018',32,5066,'2017-11-02','B\r'),
	(2683,'2018',32,5322,'2017-11-02','B+\r'),
	(2684,'2018',32,5002,'2017-11-03','B\r'),
	(2685,'2018',32,5204,'2017-11-04','C\r'),
	(2686,'2018',32,5004,'2017-11-05','A-\r'),
	(2687,'2018',32,5008,'2017-11-05','A\r'),
	(2688,'2018',32,5010,'2017-11-06','A\r'),
	(2689,'2018',32,5013,'2017-11-07','C-\r'),
	(2690,'2018',33,5023,'2017-11-07','B\r'),
	(2691,'2018',33,5028,'2017-11-08','B\r'),
	(2692,'2018',33,5033,'2017-11-08','A-\r'),
	(2693,'2018',33,5011,'2017-11-01','B+\r'),
	(2694,'2018',33,5043,'2017-11-01','B+\r'),
	(2695,'2018',33,5059,'2017-11-02','C\r'),
	(2696,'2018',33,5083,'2017-11-02','C-\r'),
	(2697,'2018',33,5123,'2017-11-03','B\r'),
	(2698,'2018',33,5163,'2017-11-04','A\r'),
	(2699,'2018',33,5203,'2017-11-05','B\r'),
	(2700,'2018',33,5012,'2017-11-05','A\r'),
	(2701,'2018',33,5017,'2017-11-06','C-\r'),
	(2702,'2018',33,5022,'2017-11-07','A-\r'),
	(2703,'2018',33,5027,'2017-11-07','B+\r'),
	(2704,'2018',33,5032,'2017-11-08','B\r'),
	(2705,'2018',33,5061,'2017-11-08','B\r'),
	(2706,'2018',33,5085,'2017-11-01','C-\r'),
	(2707,'2018',34,5125,'2017-11-01','B+\r'),
	(2708,'2018',34,5165,'2017-11-02','A\r'),
	(2709,'2018',34,5205,'2017-11-02','C\r'),
	(2710,'2018',34,5069,'2017-11-03','B+\r'),
	(2711,'2018',34,5325,'2017-11-04','B\r'),
	(2712,'2018',34,5266,'2017-11-05','B\r'),
	(2713,'2018',34,5207,'2017-11-05','A-\r'),
	(2714,'2018',34,5007,'2017-11-06','B+\r'),
	(2716,'2018',34,5013,'2017-11-07','A\r'),
	(2717,'2018',34,5016,'2017-11-08','F\r'),
	(2718,'2018',34,5021,'2017-11-08','B\r'),
	(2719,'2018',35,5026,'2017-11-01','C\r'),
	(2720,'2018',35,5036,'2017-11-01','C\r'),
	(2721,'2018',35,5014,'2017-11-02','A\r'),
	(2722,'2018',35,5046,'2017-11-02','B+\r'),
	(2723,'2018',35,5062,'2017-11-03','B\r'),
	(2724,'2018',35,5086,'2017-11-04','A-\r'),
	(2725,'2018',35,5126,'2017-11-05','C-\r'),
	(2726,'2018',35,5166,'2017-11-05','A\r'),
	(2727,'2018',35,5206,'2017-11-06','B\r'),
	(2728,'2018',35,5246,'2017-11-07','A\r'),
	(2729,'2018',35,5013,'2017-11-07','C-\r'),
	(2730,'2018',36,5061,'2017-11-08','B\r'),
	(2731,'2018',36,5085,'2017-11-08','A-\r'),
	(2732,'2018',36,5125,'2017-11-01','A-\r'),
	(2733,'2018',36,5165,'2017-11-01','B+\r'),
	(2734,'2018',36,5205,'2017-11-02','B\r'),
	(2735,'2018',36,5245,'2017-11-02','B\r'),
	(2736,'2018',36,5069,'2017-11-03','C-\r'),
	(2737,'2018',36,5325,'2017-11-04','C\r'),
	(2738,'2018',36,5133,'2017-11-05','A\r'),
	(2739,'2018',36,5207,'2017-11-05','B\r'),
	(2741,'2018',36,5013,'2017-11-07','B\r'),
	(2742,'2018',36,5016,'2017-11-07','C-\r'),
	(2743,'2018',36,5021,'2017-11-08','B\r'),
	(2744,'2018',36,5026,'2017-11-08','B+\r'),
	(2745,'2018',36,5031,'2017-11-01','A\r'),
	(2746,'2018',36,5036,'2017-11-01','B+\r'),
	(2747,'2018',36,5014,'2017-11-02','A\r'),
	(2748,'2018',37,5046,'2017-11-02','B+\r'),
	(2749,'2018',37,5062,'2017-11-03','B+\r'),
	(2750,'2018',37,5126,'2017-11-04','B\r'),
	(2751,'2018',37,5166,'2017-11-05','C\r'),
	(2752,'2018',37,5206,'2017-11-05','B+\r'),
	(2753,'2018',37,5246,'2017-11-06','C\r'),
	(2754,'2018',37,5013,'2017-11-07','A\r'),
	(2755,'2018',37,5045,'2017-11-07','B\r'),
	(2756,'2018',37,5061,'2017-11-08','A\r'),
	(2757,'2018',37,5085,'2017-11-08','B\r'),
	(2758,'2018',37,5125,'2017-11-01','B\r'),
	(2759,'2018',37,5165,'2017-11-01','A\r'),
	(2760,'2018',37,5245,'2017-11-02','C-\r'),
	(2761,'2018',37,5069,'2017-11-02','A\r'),
	(2762,'2018',37,5325,'2017-11-03','A\r'),
	(2763,'2018',37,5366,'2017-11-04','A-\r'),
	(2764,'2018',37,5207,'2017-11-05','C\r'),
	(2765,'2018',37,5007,'2017-11-05','C-\r'),
	(2766,'2018',37,5011,'2017-11-06','A-\r'),
	(2767,'2018',37,5013,'2017-11-07','B\r'),
	(2768,'2018',38,5016,'2017-11-07','A\r'),
	(2769,'2018',38,5021,'2017-11-08','B\r'),
	(2770,'2018',38,5031,'2017-11-08','B\r'),
	(2771,'2018',38,5036,'2017-11-01','B\r'),
	(2772,'2018',38,5014,'2017-11-01','B+\r'),
	(2773,'2018',38,5046,'2017-11-02','C\r'),
	(2774,'2018',38,5062,'2017-11-02','B\r'),
	(2775,'2018',38,5086,'2017-11-03','A\r'),
	(2776,'2018',38,5126,'2017-11-04','B\r'),
	(2777,'2018',38,5166,'2017-11-05','B+\r'),
	(2778,'2018',38,5206,'2017-11-05','C-\r'),
	(2779,'2018',38,5010,'2017-11-06','F\r'),
	(2780,'2018',38,5015,'2017-11-07','A-\r'),
	(2781,'2018',38,5020,'2017-11-07','B+\r'),
	(2782,'2018',38,5025,'2017-11-08','B\r'),
	(2783,'2018',38,5030,'2017-11-08','A\r'),
	(2784,'2018',39,5035,'2017-11-01','C\r'),
	(2785,'2018',39,5013,'2017-11-01','B+\r'),
	(2786,'2018',39,5045,'2017-11-02','C-\r'),
	(2787,'2018',39,5061,'2017-11-02','A-\r'),
	(2788,'2018',39,5085,'2017-11-03','C-\r'),
	(2789,'2018',39,5125,'2017-11-04','A\r'),
	(2790,'2018',39,5205,'2017-11-05','B\r'),
	(2791,'2018',39,5245,'2017-11-05','B\r'),
	(2792,'2018',39,5012,'2017-11-06','B\r'),
	(2793,'2018',39,5044,'2017-11-07','A\r'),
	(2794,'2018',39,5060,'2017-11-07','A\r'),
	(2795,'2018',39,5084,'2017-11-08','B+\r'),
	(2796,'2018',39,5124,'2017-11-08','B+\r'),
	(2797,'2018',39,5164,'2017-11-01','B+\r'),
	(2798,'2018',39,5204,'2017-11-01','C\r'),
	(2799,'2018',39,5244,'2017-11-02','B\r'),
	(2800,'2018',39,5156,'2017-11-02','A-\r'),
	(2801,'2018',39,5206,'2017-11-03','B\r'),
	(2802,'2018',40,5006,'2017-11-04','B+\r'),
	(2803,'2018',40,5010,'2017-11-05','A\r'),
	(2804,'2018',40,5007,'2017-11-05','B\r'),
	(2805,'2018',40,5011,'2017-11-06','C\r'),
	(2806,'2018',40,5013,'2017-11-07','B\r'),
	(2807,'2018',40,5016,'2017-11-07','A-\r'),
	(2808,'2018',40,5021,'2017-11-08','B\r'),
	(2809,'2018',40,5026,'2017-11-08','B+\r'),
	(2810,'2018',40,5036,'2017-11-01','A\r'),
	(2811,'2018',40,5014,'2017-11-01','A\r'),
	(2812,'2018',41,5046,'2017-11-02','B\r'),
	(2813,'2018',41,5062,'2017-11-02','A\r'),
	(2814,'2018',41,5086,'2017-11-03','B\r'),
	(2815,'2018',41,5126,'2017-11-04','B+\r'),
	(2816,'2018',41,5166,'2017-11-05','A\r'),
	(2817,'2018',41,5206,'2017-11-05','A\r'),
	(2818,'2018',41,5246,'2017-11-06','B+\r'),
	(2819,'2018',41,5070,'2017-11-07','B+\r'),
	(2820,'2018',41,5398,'2017-11-07','C\r'),
	(2821,'2018',41,5208,'2017-11-08','B\r'),
	(2822,'2018',41,5008,'2017-11-08','A-\r'),
	(2823,'2018',41,5012,'2017-11-01','B\r'),
	(2824,'2018',41,5014,'2017-11-01','A-\r'),
	(2825,'2018',41,5017,'2017-11-02','C-\r'),
	(2826,'2018',41,5022,'2017-11-02','C\r'),
	(2827,'2018',41,5027,'2017-11-03','C-\r'),
	(2828,'2018',42,5032,'2017-11-04','A\r'),
	(2829,'2018',42,5037,'2017-11-05','A\r'),
	(2830,'2018',42,5047,'2017-11-05','A\r'),
	(2831,'2018',42,5063,'2017-11-06','B\r'),
	(2832,'2018',42,5087,'2017-11-07','B\r'),
	(2833,'2018',42,5127,'2017-11-07','B+\r'),
	(2834,'2018',42,5167,'2017-11-08','F\r'),
	(2835,'2018',42,5207,'2017-11-08','B\r'),
	(2836,'2018',42,5247,'2017-11-01','C-\r'),
	(2837,'2018',42,5014,'2017-11-01','C\r'),
	(2838,'2018',42,5046,'2017-11-02','C-\r'),
	(2839,'2018',42,5062,'2017-11-02','C\r'),
	(2840,'2018',42,5126,'2017-11-03','B+\r'),
	(2841,'2018',42,5166,'2017-11-04','A-\r'),
	(2842,'2018',42,5206,'2017-11-05','B\r'),
	(2843,'2018',42,5246,'2017-11-05','B\r'),
	(2844,'2018',43,5070,'2017-11-06','B+\r'),
	(2845,'2018',43,5326,'2017-11-07','B+\r'),
	(2846,'2018',43,5199,'2017-11-07','A-\r'),
	(2847,'2018',43,5208,'2017-11-08','B\r'),
	(2848,'2018',43,5008,'2017-11-08','C-\r'),
	(2849,'2018',43,5012,'2017-11-01','B+\r'),
	(2850,'2018',43,5017,'2017-11-01','A\r'),
	(2851,'2018',43,5022,'2017-11-02','B\r'),
	(2852,'2018',43,5027,'2017-11-02','B\r'),
	(2853,'2018',44,5032,'2017-11-03','B\r'),
	(2854,'2018',44,5037,'2017-11-04','B+\r'),
	(2855,'2018',44,5015,'2017-11-05','A\r'),
	(2856,'2018',44,5047,'2017-11-05','C-\r'),
	(2857,'2018',44,5063,'2017-11-06','C\r'),
	(2858,'2018',44,5087,'2017-11-07','B\r'),
	(2859,'2018',44,5127,'2017-11-07','A-\r'),
	(2860,'2018',44,5207,'2017-11-08','B\r'),
	(2861,'2018',44,5247,'2017-11-08','B\r'),
	(2862,'2018',44,5014,'2017-11-01','A\r'),
	(2863,'2018',44,5046,'2017-11-01','A\r'),
	(2864,'2018',45,5062,'2017-11-02','A-\r'),
	(2865,'2018',45,5086,'2017-11-02','C-\r'),
	(2866,'2018',45,5126,'2017-11-03','C\r'),
	(2867,'2018',45,5166,'2017-11-04','C-\r'),
	(2868,'2018',45,5206,'2017-11-05','B+\r'),
	(2869,'2018',45,5046,'2017-11-05','B\r'),
	(2870,'2018',45,5086,'2017-11-06','A\r'),
	(2871,'2018',45,5126,'2017-11-07','A\r'),
	(2872,'2018',45,5166,'2017-11-07','A\r'),
	(2873,'2018',45,5206,'2017-11-08','B+\r'),
	(2874,'2018',45,5246,'2017-11-08','B+\r'),
	(2875,'2018',45,5070,'2017-11-01','C\r'),
	(2876,'2018',45,5326,'2017-11-01','B\r'),
	(2877,'2018',45,5099,'2017-11-02','A-\r'),
	(2878,'2018',46,5208,'2017-11-02','B+\r'),
	(2879,'2018',46,5008,'2017-11-03','C\r'),
	(2880,'2018',46,5014,'2017-11-04','A-\r'),
	(2881,'2018',46,5017,'2017-11-05','B\r'),
	(2882,'2018',46,5022,'2017-11-05','C-\r'),
	(2883,'2018',46,5027,'2017-11-06','B\r'),
	(2884,'2018',46,5032,'2017-11-07','B\r'),
	(2885,'2018',46,5037,'2017-11-07','C-\r'),
	(2886,'2018',46,5015,'2017-11-08','B\r'),
	(2887,'2018',46,5047,'2017-11-08','B\r'),
	(2888,'2018',46,5063,'2017-11-01','A\r'),
	(2889,'2018',46,5087,'2017-11-01','A\r'),
	(2890,'2018',46,5167,'2017-11-02','B+\r'),
	(2891,'2018',46,5207,'2017-11-02','B\r'),
	(2892,'2018',46,5247,'2017-11-03','B+\r'),
	(2893,'2018',46,5014,'2017-11-04','F\r'),
	(2894,'2018',47,5046,'2017-11-05','B\r'),
	(2895,'2018',47,5062,'2017-11-05','A-\r'),
	(2896,'2018',47,5086,'2017-11-06','B\r'),
	(2897,'2018',47,5126,'2017-11-07','B+\r'),
	(2898,'2018',47,5166,'2017-11-07','B\r'),
	(2899,'2018',47,5206,'2017-11-08','B+\r'),
	(2900,'2018',47,5326,'2017-11-08','A\r'),
	(2901,'2018',47,5049,'2017-11-01','A\r'),
	(2902,'2018',47,5208,'2017-11-01','A\r'),
	(2903,'2018',47,5008,'2017-11-02','C\r'),
	(2904,'2018',47,5012,'2017-11-02','B\r'),
	(2905,'2018',47,5014,'2017-11-03','B+\r'),
	(2906,'2018',47,5017,'2017-11-04','A\r'),
	(2907,'2018',47,5022,'2017-11-05','A-\r'),
	(2908,'2018',47,5027,'2017-11-05','C-\r'),
	(2909,'2018',47,5032,'2017-11-06','C\r'),
	(2910,'2018',47,5015,'2017-11-07','B\r'),
	(2911,'2018',47,5047,'2017-11-07','B+\r'),
	(2912,'2018',48,5063,'2017-11-08','B+\r'),
	(2913,'2018',48,5087,'2017-11-08','B+\r'),
	(2914,'2018',48,5127,'2017-11-01','B+\r'),
	(2915,'2018',48,5167,'2017-11-01','A\r'),
	(2916,'2018',48,5207,'2017-11-02','B\r'),
	(2917,'2018',48,5247,'2017-11-02','B\r'),
	(2918,'2018',48,5014,'2017-11-03','A-\r'),
	(2919,'2018',48,5046,'2017-11-04','B\r'),
	(2920,'2018',48,5086,'2017-11-05','C-\r'),
	(2921,'2018',48,5126,'2017-11-05','C\r'),
	(2922,'2018',48,5166,'2017-11-06','C-\r'),
	(2923,'2018',48,5206,'2017-11-07','C\r'),
	(2924,'2018',48,5246,'2017-11-07','C-\r'),
	(2925,'2018',48,5070,'2017-11-08','B+\r'),
	(2926,'2018',48,5326,'2017-11-08','A-\r'),
	(2927,'2018',48,5025,'2017-11-01','B\r'),
	(2928,'2018',48,5208,'2017-11-01','B\r'),
	(2929,'2018',48,5008,'2017-11-02','A\r'),
	(2930,'2018',48,5014,'2017-11-02','B\r'),
	(2931,'2018',48,5017,'2017-11-03','B\r'),
	(2932,'2018',48,5022,'2017-11-04','A\r'),
	(2933,'2018',49,5027,'2017-11-05','A\r'),
	(2934,'2018',49,5032,'2017-11-05','B+\r'),
	(2935,'2018',49,5037,'2017-11-06','C\r'),
	(2936,'2018',49,5015,'2017-11-07','B\r'),
	(2937,'2018',49,5047,'2017-11-07','A\r'),
	(2938,'2018',49,5063,'2017-11-08','A-\r'),
	(2939,'2018',49,5087,'2017-11-08','C-\r'),
	(2940,'2018',49,5167,'2017-11-01','C\r'),
	(2941,'2018',49,5207,'2017-11-01','C\r'),
	(2942,'2018',49,5011,'2017-11-02','B\r'),
	(2943,'2018',49,5013,'2017-11-02','B+\r'),
	(2944,'2018',49,5016,'2017-11-03','B\r'),
	(2945,'2018',49,5021,'2017-11-04','B\r'),
	(2946,'2018',49,5026,'2017-11-05','B\r'),
	(2947,'2018',49,5031,'2017-11-05','A\r'),
	(2948,'2018',49,5036,'2017-11-06','A\r'),
	(2949,'2018',50,5014,'2017-11-07','A\r'),
	(2950,'2018',50,5062,'2017-11-07','C\r'),
	(2951,'2018',50,5086,'2017-11-08','F\r'),
	(2952,'2018',50,5126,'2017-11-08','B+\r'),
	(2953,'2018',50,5166,'2017-11-01','A\r'),
	(2954,'2018',50,5206,'2017-11-01','B\r'),
	(2955,'2018',50,5246,'2017-11-02','A-\r'),
	(2956,'2018',50,5013,'2017-11-02','B\r'),
	(2957,'2018',50,5045,'2017-11-03','C-\r'),
	(2958,'2018',50,5061,'2017-11-04','B\r'),
	(2959,'2018',51,5085,'2017-11-05','B+\r'),
	(2960,'2018',51,5165,'2017-11-05','B\r'),
	(2961,'2018',51,5205,'2017-11-06','A\r'),
	(2962,'2018',51,5245,'2017-11-07','A\r'),
	(2963,'2018',51,5069,'2017-11-07','C\r'),
	(2964,'2018',51,5325,'2017-11-08','B\r'),
	(2965,'2018',51,5183,'2017-11-08','A-\r'),
	(2966,'2018',51,5207,'2017-11-01','C-\r'),
	(2967,'2018',52,5007,'2017-11-01','A\r'),
	(2968,'2018',52,5011,'2017-11-02','B\r'),
	(2969,'2018',52,5008,'2017-11-02','B\r'),
	(2970,'2018',52,5014,'2017-11-03','A\r'),
	(2971,'2018',52,5017,'2017-11-04','B+\r'),
	(2972,'2018',52,5022,'2017-11-05','B+\r'),
	(2973,'2018',52,5027,'2017-11-05','B\r'),
	(2974,'2018',52,5032,'2017-11-06','B+\r'),
	(2975,'2018',52,5037,'2017-11-07','A-\r'),
	(2976,'2018',52,5015,'2017-11-07','B\r'),
	(2977,'2018',52,5047,'2017-11-08','C-\r'),
	(2978,'2018',52,5063,'2017-11-08','C\r'),
	(2979,'2018',52,5087,'2017-11-01','C-\r'),
	(2980,'2018',52,5167,'2017-11-01','B+\r'),
	(2981,'2018',52,5207,'2017-11-02','A-\r'),
	(2982,'2018',53,5247,'2017-11-02','B\r'),
	(2983,'2018',53,5071,'2017-11-03','A-\r'),
	(2984,'2018',53,5327,'2017-11-04','A\r'),
	(2985,'2018',53,5106,'2017-11-05','A\r'),
	(2986,'2018',53,5209,'2017-11-05','B\r'),
	(2987,'2018',53,5009,'2017-11-06','B+\r'),
	(2988,'2018',53,5013,'2017-11-07','B\r'),
	(2989,'2018',53,5015,'2017-11-07','C-\r'),
	(2990,'2018',53,5023,'2017-11-08','B\r'),
	(2991,'2018',53,5028,'2017-11-08','A\r'),
	(2992,'2018',53,5033,'2017-11-01','B+\r'),
	(2993,'2018',53,5038,'2017-11-01','B\r'),
	(2994,'2018',53,5016,'2017-11-02','C\r'),
	(2995,'2018',53,5048,'2017-11-02','B+\r'),
	(2996,'2018',53,5064,'2017-11-03','B\r'),
	(2997,'2018',53,5088,'2017-11-04','B+\r'),
	(2998,'2018',53,5128,'2017-11-05','A-\r'),
	(2999,'2018',53,5168,'2017-11-05','B\r'),
	(3000,'2018',54,5021,'2017-11-06','B+\r'),
	(3001,'2018',54,5026,'2017-11-07','A-\r'),
	(3002,'2018',54,5031,'2017-11-07','B+\r'),
	(3003,'2018',54,5009,'2017-11-08','C\r'),
	(3004,'2018',54,5041,'2017-11-08','B\r'),
	(3005,'2018',54,5057,'2017-11-01','C-\r'),
	(3006,'2018',54,5081,'2017-11-01','A\r'),
	(3007,'2018',54,5121,'2017-11-02','C\r'),
	(3008,'2018',54,5161,'2017-11-02','B+\r'),
	(3009,'2018',54,5201,'2017-11-03','B\r'),
	(3010,'2018',54,5008,'2017-11-04','B\r'),
	(3011,'2018',54,5040,'2017-11-05','B\r'),
	(3012,'2018',54,5056,'2017-11-05','A\r'),
	(3013,'2018',54,5080,'2017-11-06','C-\r'),
	(3014,'2018',54,5120,'2017-11-07','A\r'),
	(3015,'2018',55,5160,'2017-11-07','B+\r'),
	(3016,'2018',55,5200,'2017-11-08','A-\r'),
	(3017,'2018',55,5240,'2017-11-08','B+\r'),
	(3018,'2018',55,5064,'2017-11-01','B\r'),
	(3019,'2018',55,5320,'2017-11-01','A\r'),
	(3020,'2018',55,5202,'2017-11-02','B\r'),
	(3021,'2018',55,5002,'2017-11-02','C\r'),
	(3022,'2018',55,5006,'2017-11-03','C-\r'),
	(3023,'2018',55,5008,'2017-11-04','B\r'),
	(3024,'2018',56,5011,'2017-11-05','C-\r'),
	(3025,'2018',56,5016,'2017-11-05','B\r'),
	(3026,'2018',56,5021,'2017-11-06','B+\r'),
	(3027,'2018',56,5026,'2017-11-07','A-\r'),
	(3028,'2018',56,5031,'2017-11-07','F\r'),
	(3029,'2018',56,5009,'2017-11-08','B\r'),
	(3030,'2018',56,5057,'2017-11-08','A\r'),
	(3031,'2018',56,5081,'2017-11-01','C\r'),
	(3032,'2018',56,5121,'2017-11-01','B\r'),
	(3033,'2018',56,5161,'2017-11-02','F\r'),
	(3034,'2018',56,5201,'2017-11-02','A\r'),
	(3035,'2018',56,5005,'2017-11-03','A\r'),
	(3036,'2018',57,5007,'2017-11-04','C\r'),
	(3037,'2018',57,5010,'2017-11-05','B\r'),
	(3038,'2018',57,5015,'2017-11-05','B\r'),
	(3039,'2018',57,5020,'2017-11-06','B+\r'),
	(3040,'2018',57,5030,'2017-11-07','B+\r'),
	(3041,'2018',57,5059,'2017-11-07','A\r'),
	(3042,'2018',57,5083,'2017-11-08','C-\r'),
	(3043,'2018',57,5123,'2017-11-08','C-\r'),
	(3044,'2018',57,5163,'2017-11-01','B\r'),
	(3045,'2018',57,5203,'2017-11-01','B\r'),
	(3046,'2018',57,5243,'2017-11-02','A-\r'),
	(3047,'2018',57,5067,'2017-11-02','B+\r'),
	(3048,'2018',57,5323,'2017-11-03','A\r'),
	(3049,'2018',57,5194,'2017-11-04','B\r'),
	(3050,'2018',57,5005,'2017-11-05','A\r'),
	(3051,'2018',57,5009,'2017-11-05','B+\r'),
	(3052,'2018',57,5011,'2017-11-06','A-\r'),
	(3053,'2018',57,5014,'2017-11-07','B\r'),
	(3054,'2018',57,5019,'2017-11-07','B\r'),
	(3055,'2018',57,5024,'2017-11-08','A\r'),
	(3056,'2018',57,5029,'2017-11-08','B+\r'),
	(3057,'2018',57,5034,'2017-11-01','C\r'),
	(3058,'2018',58,5012,'2017-11-01','C\r'),
	(3059,'2018',58,5044,'2017-11-02','A\r'),
	(3060,'2018',58,5084,'2017-11-02','B\r'),
	(3061,'2018',58,5124,'2017-11-03','B+\r'),
	(3062,'2018',58,5164,'2017-11-04','B+\r'),
	(3063,'2018',58,5204,'2017-11-05','B\r'),
	(3064,'2018',58,5244,'2017-11-05','B\r'),
	(3065,'2018',58,5011,'2017-11-06','A-\r'),
	(3066,'2018',58,5043,'2017-11-07','B+\r'),
	(3067,'2018',58,5059,'2017-11-07','B\r'),
	(3068,'2018',58,5083,'2017-11-08','C\r'),
	(3069,'2018',58,5123,'2017-11-08','B\r'),
	(3070,'2018',58,5203,'2017-11-01','A\r'),
	(3071,'2018',58,5243,'2017-11-01','A-\r'),
	(3072,'2018',58,5067,'2017-11-02','A\r'),
	(3073,'2018',58,5323,'2017-11-02','A\r'),
	(3074,'2018',58,5097,'2017-11-03','B+\r'),
	(3075,'2018',58,5205,'2017-11-04','C-\r'),
	(3076,'2018',58,5005,'2017-11-05','A\r'),
	(3077,'2018',58,5009,'2017-11-05','B+\r'),
	(3078,'2018',58,5011,'2017-11-06','B\r'),
	(3079,'2018',58,5014,'2017-11-07','B\r'),
	(3080,'2018',58,5024,'2017-11-07','A\r'),
	(3081,'2018',58,5029,'2017-11-08','A-\r'),
	(3082,'2018',58,5034,'2017-11-08','C\r'),
	(3083,'2018',58,5012,'2017-11-01','C-\r'),
	(3084,'2018',58,5044,'2017-11-01','C-\r'),
	(3085,'2018',58,5060,'2017-11-02','B\r'),
	(3086,'2018',59,5084,'2017-11-02','B\r'),
	(3087,'2018',59,5124,'2017-11-03','B\r'),
	(3088,'2018',59,5164,'2017-11-04','A\r'),
	(3089,'2018',59,5204,'2017-11-05','B\r'),
	(3090,'2018',59,5011,'2017-11-05','C-\r'),
	(3091,'2018',59,5043,'2017-11-06','B\r'),
	(3092,'2018',59,5059,'2017-11-07','A-\r'),
	(3093,'2018',59,5083,'2017-11-07','B+\r'),
	(3094,'2018',59,5123,'2017-11-08','A\r'),
	(3095,'2018',59,5163,'2017-11-08','A-\r'),
	(3096,'2018',59,5203,'2017-11-01','C-\r'),
	(3097,'2018',59,5243,'2017-11-01','A\r'),
	(3098,'2018',59,5067,'2017-11-02','C\r'),
	(3099,'2018',59,5323,'2017-11-02','C\r'),
	(3100,'2018',59,5005,'2017-11-03','B\r'),
	(3101,'2018',59,5009,'2017-11-04','B+\r'),
	(3102,'2018',59,5011,'2017-11-05','B+\r'),
	(3103,'2018',59,5014,'2017-11-05','F\r'),
	(3104,'2018',59,5019,'2017-11-06','A\r'),
	(3105,'2018',59,5024,'2017-11-07','B+\r'),
	(3106,'2018',60,5029,'2017-11-07','A-\r'),
	(3107,'2018',60,5034,'2017-11-08','B\r'),
	(3108,'2018',60,5012,'2017-11-08','C\r'),
	(3109,'2018',60,5044,'2017-11-01','A\r'),
	(3110,'2018',60,5084,'2017-11-01','B+\r'),
	(3111,'2018',60,5124,'2017-11-02','F\r'),
	(3112,'2018',60,5164,'2017-11-02','B\r'),
	(3113,'2018',60,5204,'2017-11-03','C-\r'),
	(3114,'2018',60,5008,'2017-11-04','A\r'),
	(3115,'2018',60,5010,'2017-11-05','A\r'),
	(3116,'2018',60,5013,'2017-11-05','B\r'),
	(3117,'2018',61,5018,'2017-11-06','B\r'),
	(3118,'2018',61,5023,'2017-11-07','A\r'),
	(3119,'2018',61,5028,'2017-11-07','B\r'),
	(3120,'2018',61,5011,'2017-11-08','B\r'),
	(3121,'2018',61,5043,'2017-11-08','C-\r'),
	(3122,'2018',61,5059,'2017-11-01','B+\r'),
	(3123,'2018',61,5083,'2017-11-01','A\r'),
	(3124,'2018',61,5123,'2017-11-02','B\r'),
	(3125,'2018',61,5163,'2017-11-02','B+\r'),
	(3126,'2018',61,5203,'2017-11-03','A-\r'),
	(3127,'2018',61,5243,'2017-11-04','C\r'),
	(3128,'2018',62,5010,'2017-11-05','C\r'),
	(3129,'2018',62,5042,'2017-11-05','B\r'),
	(3130,'2018',62,5082,'2017-11-06','B+\r'),
	(3131,'2018',62,5122,'2017-11-07','B\r'),
	(3132,'2018',62,5162,'2017-11-07','B+\r'),
	(3133,'2018',62,5202,'2017-11-08','B\r'),
	(3134,'2018',62,5242,'2017-11-08','B\r'),
	(3135,'2018',62,5066,'2017-11-01','A-\r'),
	(3136,'2018',62,5322,'2017-11-01','A\r'),
	(3137,'2018',62,5001,'2017-11-02','C-\r'),
	(3138,'2018',62,5204,'2017-11-02','C-\r'),
	(3139,'2018',62,5004,'2017-11-03','B+\r'),
	(3140,'2018',62,5005,'2017-11-04','A-\r'),
	(3141,'2018',62,5009,'2017-11-05','A\r'),
	(3142,'2018',62,5011,'2017-11-05','A\r'),
	(3143,'2018',62,5014,'2017-11-06','A\r'),
	(3144,'2018',62,5019,'2017-11-07','A\r'),
	(3145,'2018',62,5024,'2017-11-07','B+\r'),
	(3146,'2018',62,5029,'2017-11-08','C\r'),
	(3147,'2018',62,5034,'2017-11-08','B+\r'),
	(3148,'2018',62,5012,'2017-11-01','B\r'),
	(3149,'2018',62,5044,'2017-11-01','B\r'),
	(3150,'2018',62,5084,'2017-11-02','B+\r'),
	(3151,'2018',62,5124,'2017-11-02','A-\r'),
	(3152,'2018',62,5164,'2017-11-03','C\r'),
	(3153,'2018',62,5204,'2017-11-04','B\r'),
	(3154,'2018',63,5244,'2017-11-05','A-\r'),
	(3155,'2018',63,5068,'2017-11-05','B\r'),
	(3156,'2018',63,5324,'2017-11-06','C-\r'),
	(3157,'2018',63,5078,'2017-11-07','C-\r'),
	(3158,'2018',63,5206,'2017-11-07','B+\r'),
	(3159,'2018',63,5006,'2017-11-08','A\r'),
	(3160,'2018',63,5012,'2017-11-08','B\r'),
	(3161,'2018',63,5015,'2017-11-01','B\r'),
	(3162,'2018',63,5020,'2017-11-01','B+\r'),
	(3163,'2018',63,5025,'2017-11-02','B+\r'),
	(3164,'2018',63,5030,'2017-11-02','B\r'),
	(3165,'2018',64,5035,'2017-11-03','C\r'),
	(3166,'2018',64,5013,'2017-11-04','A\r'),
	(3167,'2018',64,5045,'2017-11-05','A-\r'),
	(3168,'2018',64,5061,'2017-11-05','B\r'),
	(3169,'2018',64,5085,'2017-11-06','B\r'),
	(3170,'2018',64,5165,'2017-11-07','A\r'),
	(3171,'2018',64,5205,'2017-11-07','A\r'),
	(3172,'2018',64,5245,'2017-11-08','B\r'),
	(3173,'2018',64,5012,'2017-11-08','B+\r'),
	(3174,'2018',64,5044,'2017-11-01','F\r'),
	(3188,'2018',67,5020,'2017-11-01','B\r'),
	(3189,'2018',67,5025,'2017-11-02','B\r'),
	(3190,'2018',67,5035,'2017-11-02','A\r'),
	(3191,'2018',67,5013,'2017-11-03','A\r'),
	(3192,'2018',67,5045,'2017-11-04','B\r'),
	(3193,'2018',67,5061,'2017-11-05','B\r'),
	(3194,'2018',67,5085,'2017-11-05','B+\r'),
	(3195,'2018',67,5125,'2017-11-06','A-\r'),
	(3196,'2018',67,5165,'2017-11-07','B+\r'),
	(3197,'2018',67,5205,'2017-11-07','B\r'),
	(3198,'2018',67,5245,'2017-11-08','B+\r'),
	(3199,'2018',67,5012,'2017-11-08','F\r'),
	(3200,'2018',67,5084,'2017-11-01','B\r'),
	(3201,'2018',67,5124,'2017-11-01','C-\r'),
	(3202,'2018',67,5164,'2017-11-02','C\r'),
	(3203,'2018',67,5204,'2017-11-02','A\r'),
	(3204,'2018',68,5044,'2017-11-03','A\r'),
	(3205,'2018',68,5060,'2017-11-04','A\r'),
	(3206,'2018',68,5084,'2017-11-05','B\r'),
	(3207,'2018',68,5124,'2017-11-05','B+\r'),
	(3208,'2018',68,5164,'2017-11-06','B\r'),
	(3209,'2018',68,5204,'2017-11-07','A\r'),
	(3210,'2018',68,5068,'2017-11-07','A-\r'),
	(3211,'2018',68,5324,'2017-11-08','C\r'),
	(3212,'2018',68,5289,'2017-11-08','B+\r'),
	(3213,'2018',68,5206,'2017-11-01','C\r'),
	(3214,'2018',68,5006,'2017-11-01','A-\r'),
	(3215,'2018',68,5010,'2017-11-02','B+\r'),
	(3216,'2018',68,5012,'2017-11-02','C-\r'),
	(3217,'2018',69,5015,'2017-11-03','B\r'),
	(3218,'2018',69,5020,'2017-11-04','B\r'),
	(3219,'2018',69,5025,'2017-11-05','C-\r'),
	(3220,'2018',69,5035,'2017-11-05','B\r'),
	(3221,'2018',69,5013,'2017-11-06','A\r'),
	(3222,'2018',69,5045,'2017-11-07','C-\r'),
	(3223,'2018',69,5061,'2017-11-07','B+\r'),
	(3224,'2018',69,5085,'2017-11-08','B+\r'),
	(3225,'2018',69,5125,'2017-11-08','B+\r'),
	(3226,'2018',69,5165,'2017-11-01','A-\r'),
	(3227,'2018',69,5205,'2017-11-01','B\r'),
	(3228,'2018',69,5245,'2017-11-02','C\r'),
	(3229,'2018',70,5012,'2017-11-02','C-\r'),
	(3230,'2018',70,5060,'2017-11-03','B+\r'),
	(3231,'2018',70,5084,'2017-11-04','A-\r'),
	(3232,'2018',70,5124,'2017-11-05','B\r'),
	(3233,'2018',70,5164,'2017-11-05','B\r'),
	(3234,'2018',70,5204,'2017-11-06','B\r'),
	(3235,'2018',70,5244,'2017-11-07','B\r'),
	(3236,'2018',70,5068,'2017-11-07','A\r'),
	(3237,'2018',70,5324,'2017-11-08','A\r'),
	(3238,'2018',70,5144,'2017-11-08','B+\r'),
	(3239,'2018',70,5206,'2017-11-01','B+\r'),
	(3240,'2018',70,5010,'2017-11-01','B\r'),
	(3241,'2018',70,5012,'2017-11-02','B+\r'),
	(3242,'2018',70,5015,'2017-11-02','A\r'),
	(3243,'2018',70,5020,'2017-11-03','A-\r'),
	(3244,'2018',70,5025,'2017-11-04','B\r'),
	(3245,'2018',70,5030,'2017-11-05','C-\r'),
	(3246,'2018',70,5035,'2017-11-05','C\r'),
	(3247,'2018',70,5013,'2017-11-06','B\r'),
	(3248,'2018',70,5045,'2017-11-07','B+\r'),
	(3270,'2018',73,5030,'2017-11-04','A\r'),
	(3271,'2018',73,5035,'2017-11-05','B\r'),
	(3272,'2018',73,5013,'2017-11-05','A\r'),
	(3273,'2018',73,5045,'2017-11-06','F\r'),
	(3274,'2018',73,5061,'2017-11-07','B+\r'),
	(3275,'2018',73,5085,'2017-11-07','C\r'),
	(3276,'2018',73,5125,'2017-11-08','C\r'),
	(3277,'2018',73,5165,'2017-11-08','A\r'),
	(3278,'2018',73,5205,'2017-11-01','A-\r'),
	(3279,'2018',73,5009,'2017-11-01','C-\r'),
	(3280,'2018',73,5014,'2017-11-02','B\r'),
	(3281,'2018',73,5019,'2017-11-02','B\r'),
	(3282,'2018',73,5024,'2017-11-03','B+\r'),
	(3283,'2018',73,5029,'2017-11-04','B\r'),
	(3284,'2018',74,5034,'2017-11-05','A\r'),
	(3285,'2018',74,5012,'2017-11-05','B+\r'),
	(3286,'2018',74,5044,'2017-11-06','B+\r'),
	(3287,'2018',74,5060,'2017-11-07','B\r'),
	(3288,'2018',74,5084,'2017-11-07','B\r'),
	(3289,'2018',74,5124,'2017-11-08','A-\r'),
	(3290,'2018',74,5204,'2017-11-08','B\r'),
	(3291,'2018',74,5244,'2017-11-01','C-\r'),
	(3292,'2018',74,5011,'2017-11-01','C\r'),
	(3293,'2018',74,5043,'2017-11-02','C-\r'),
	(3294,'2018',74,5059,'2017-11-02','B+\r'),
	(3295,'2018',74,5083,'2017-11-03','A\r'),
	(3296,'2018',74,5123,'2017-11-04','B\r'),
	(3297,'2018',74,5163,'2017-11-05','B\r'),
	(3298,'2018',1,5203,'2018-04-22','\r'),
	(3299,'2018',1,5243,'2018-04-04','\r'),
	(3300,'2018',1,5288,'2018-04-14','\r'),
	(3301,'2018',1,5205,'2018-04-01','\r'),
	(3302,'2018',1,5005,'2018-04-02','\r'),
	(3303,'2018',1,5009,'2018-04-01','\r'),
	(3304,'2018',1,5006,'2018-04-03','\r'),
	(3305,'2018',1,5010,'2018-04-04','\r'),
	(3306,'2018',1,5012,'2018-04-22','\r'),
	(3307,'2018',1,5015,'2018-04-14','\r'),
	(3308,'2018',1,5020,'2018-04-01','\r'),
	(3309,'2018',1,5025,'2018-04-02','\r'),
	(3310,'2018',1,5035,'2018-04-01','\r'),
	(3311,'2018',1,5013,'2018-04-03','\r'),
	(3312,'2018',2,5045,'2018-04-04','\r'),
	(3313,'2018',2,5061,'2018-04-22','\r'),
	(3314,'2018',2,5085,'2018-04-04','\r'),
	(3315,'2018',2,5125,'2018-04-14','\r'),
	(3316,'2018',2,5165,'2018-04-01','\r'),
	(3317,'2018',2,5205,'2018-04-02','\r'),
	(3318,'2018',2,5245,'2018-04-01','\r'),
	(3319,'2018',2,5069,'2018-04-03','\r'),
	(3320,'2018',2,5092,'2018-04-04','\r'),
	(3321,'2018',2,5207,'2018-04-22','\r'),
	(3322,'2018',2,5007,'2018-04-14','\r'),
	(3323,'2018',2,5011,'2018-04-01','\r'),
	(3324,'2018',2,5013,'2018-04-22','\r'),
	(3325,'2018',2,5016,'2018-04-04','\r'),
	(3326,'2018',2,5021,'2018-04-14','\r'),
	(3327,'2018',2,5026,'2018-04-01','\r'),
	(3328,'2018',2,5031,'2018-04-02','\r'),
	(3329,'2018',2,5036,'2018-04-01','\r'),
	(3330,'2018',2,5046,'2018-04-03','\r'),
	(3331,'2018',2,5062,'2018-04-04','\r'),
	(3332,'2018',2,5086,'2018-04-22','\r'),
	(3333,'2018',2,5126,'2018-04-14','\r'),
	(3334,'2018',2,5166,'2018-04-01','\r'),
	(3335,'2018',2,5206,'2018-04-02','\r'),
	(3336,'2018',2,5246,'2018-04-01','\r'),
	(3337,'2018',3,5014,'2018-04-03','\r'),
	(3338,'2018',3,5019,'2018-04-04','\r'),
	(3339,'2018',3,5024,'2018-04-22','\r'),
	(3340,'2018',3,5007,'2018-04-04','\r'),
	(3341,'2018',3,5039,'2018-04-14','\r'),
	(3342,'2018',3,5055,'2018-04-01','\r'),
	(3343,'2018',3,5079,'2018-04-02','\r'),
	(3344,'2018',3,5119,'2018-04-01','\r'),
	(3345,'2018',3,5159,'2018-04-03','\r'),
	(3346,'2018',3,5199,'2018-04-04','\r'),
	(3347,'2018',3,5239,'2018-04-22','\r'),
	(3348,'2018',3,5006,'2018-04-14','\r'),
	(3349,'2018',3,5038,'2018-04-01','\r'),
	(3350,'2018',3,5078,'2018-04-22','\r'),
	(3380,'2018',6,5121,'2018-04-04','\r'),
	(3381,'2018',6,5161,'2018-04-14','\r'),
	(3382,'2018',6,5201,'2018-04-01','\r'),
	(3383,'2018',6,5241,'2018-04-02','\r'),
	(3384,'2018',6,5065,'2018-04-01','\r'),
	(3385,'2018',6,5321,'2018-04-03','\r'),
	(3386,'2018',6,5256,'2018-04-04','\r'),
	(3387,'2018',6,5203,'2018-04-22','\r'),
	(3388,'2018',6,5003,'2018-04-14','\r'),
	(3389,'2018',6,5007,'2018-04-01','\r'),
	(3390,'2018',6,5012,'2018-04-22','\r'),
	(3391,'2018',6,5017,'2018-04-04','\r'),
	(3392,'2018',6,5022,'2018-04-14','\r'),
	(3393,'2018',6,5027,'2018-04-01','\r'),
	(3394,'2018',6,5032,'2018-04-02','\r'),
	(3395,'2018',6,5010,'2018-04-01','\r'),
	(3396,'2018',6,5042,'2018-04-03','\r'),
	(3397,'2018',6,5058,'2018-04-04','\r'),
	(3398,'2018',6,5082,'2018-04-22','\r'),
	(3399,'2018',6,5122,'2018-04-14','\r'),
	(3400,'2018',6,5242,'2018-04-01','\r'),
	(3401,'2018',6,5009,'2018-04-02','\r'),
	(3402,'2018',6,5041,'2018-04-01','\r'),
	(3403,'2018',7,5057,'2018-04-03','\r'),
	(3404,'2018',7,5081,'2018-04-04','\r'),
	(3405,'2018',7,5121,'2018-04-22','\r'),
	(3406,'2018',7,5161,'2018-04-04','\r'),
	(3407,'2018',7,5201,'2018-04-14','\r'),
	(3408,'2018',7,5241,'2018-04-01','\r'),
	(3409,'2018',7,5065,'2018-04-02','\r'),
	(3410,'2018',7,5268,'2018-04-01','\r'),
	(3411,'2018',7,5203,'2018-04-03','\r'),
	(3412,'2018',7,5003,'2018-04-04','\r'),
	(3413,'2018',7,5007,'2018-04-22','\r'),
	(3414,'2018',7,5009,'2018-04-14','\r'),
	(3415,'2018',7,5012,'2018-04-01','\r'),
	(3416,'2018',7,5017,'2018-04-22','\r'),
	(3417,'2018',7,5022,'2018-04-04','\r'),
	(3418,'2018',8,5027,'2018-04-14','\r'),
	(3419,'2018',8,5032,'2018-04-01','\r'),
	(3420,'2018',8,5042,'2018-04-02','\r'),
	(3421,'2018',8,5058,'2018-04-01','\r'),
	(3422,'2018',8,5082,'2018-04-03','\r'),
	(3423,'2018',8,5122,'2018-04-04','\r'),
	(3424,'2018',8,5162,'2018-04-22','\r'),
	(3425,'2018',8,5202,'2018-04-14','\r'),
	(3426,'2018',8,5242,'2018-04-01','\r'),
	(3427,'2018',8,5009,'2018-04-02','\r'),
	(3428,'2018',8,5041,'2018-04-01','\r'),
	(3429,'2018',8,5057,'2018-04-03','\r'),
	(3430,'2018',8,5121,'2018-04-22','\r'),
	(3431,'2018',8,5161,'2018-04-04','\r'),
	(3432,'2018',8,5201,'2018-04-14','\r'),
	(3433,'2018',8,5241,'2018-04-01','\r'),
	(3434,'2018',8,5065,'2018-04-02','\r'),
	(3435,'2018',8,5321,'2018-04-01','\r'),
	(3436,'2018',9,5292,'2018-04-03','\r'),
	(3437,'2018',9,5203,'2018-04-04','\r'),
	(3438,'2018',9,5003,'2018-04-22','\r'),
	(3439,'2018',9,5007,'2018-04-14','\r'),
	(3440,'2018',9,5012,'2018-04-01','\r'),
	(3441,'2018',9,5017,'2018-04-02','\r'),
	(3442,'2018',9,5022,'2018-04-01','\r'),
	(3443,'2018',9,5027,'2018-04-03','\r'),
	(3444,'2018',9,5032,'2018-04-04','\r'),
	(3445,'2018',9,5010,'2018-04-22','\r'),
	(3446,'2018',9,5042,'2018-04-04','\r'),
	(3447,'2018',9,5058,'2018-04-14','\r'),
	(3448,'2018',9,5082,'2018-04-01','\r'),
	(3449,'2018',9,5122,'2018-04-02','\r'),
	(3450,'2018',9,5202,'2018-04-01','\r'),
	(3451,'2018',9,5006,'2018-04-03','\r'),
	(3452,'2018',9,5008,'2018-04-04','\r'),
	(3453,'2018',9,5011,'2018-04-22','\r'),
	(3454,'2018',9,5016,'2018-04-14','\r'),
	(3455,'2018',9,5021,'2018-04-01','\r'),
	(3456,'2018',9,5026,'2018-04-22','\r'),
	(3457,'2018',9,5031,'2018-04-04','\r'),
	(3491,'2018',12,5242,'2018-04-14','\r'),
	(3492,'2018',12,5066,'2018-04-01','\r'),
	(3493,'2018',12,5322,'2018-04-02','\r'),
	(3494,'2018',12,5144,'2018-04-01','\r'),
	(3495,'2018',12,5204,'2018-04-03','\r'),
	(3496,'2018',12,5004,'2018-04-22','\r'),
	(3497,'2018',12,5008,'2018-04-04','\r'),
	(3498,'2018',12,5010,'2018-04-14','\r'),
	(3499,'2018',12,5013,'2018-04-01','\r'),
	(3500,'2018',12,5028,'2018-04-02','\r'),
	(3501,'2018',12,5033,'2018-04-01','\r'),
	(3502,'2018',12,5011,'2018-04-03','\r'),
	(3503,'2018',12,5043,'2018-04-04','\r'),
	(3504,'2018',12,5059,'2018-04-22','\r'),
	(3505,'2018',13,5083,'2018-04-14','\r'),
	(3506,'2018',13,5123,'2018-04-01','\r'),
	(3507,'2018',13,5163,'2018-04-02','\r'),
	(3508,'2018',13,5203,'2018-04-01','\r'),
	(3509,'2018',13,5243,'2018-04-03','\r'),
	(3510,'2018',13,5042,'2018-04-04','\r'),
	(3511,'2018',13,5058,'2018-04-22','\r'),
	(3512,'2018',13,5082,'2018-04-04','\r'),
	(3513,'2018',13,5122,'2018-04-14','\r'),
	(3514,'2018',13,5162,'2018-04-01','\r'),
	(3515,'2018',13,5202,'2018-04-02','\r'),
	(3516,'2018',13,5242,'2018-04-01','\r'),
	(3517,'2018',13,5066,'2018-04-03','\r'),
	(3518,'2018',13,5322,'2018-04-04','\r'),
	(3519,'2018',13,5072,'2018-04-22','\r'),
	(3520,'2018',14,5004,'2018-04-14','\r'),
	(3521,'2018',14,5008,'2018-04-01','\r'),
	(3522,'2018',14,5010,'2018-04-22','\r'),
	(3523,'2018',14,5013,'2018-04-04','\r'),
	(3524,'2018',14,5018,'2018-04-14','\r'),
	(3525,'2018',14,5023,'2018-04-01','\r'),
	(3526,'2018',14,5028,'2018-04-02','\r'),
	(3527,'2018',14,5033,'2018-04-01','\r'),
	(3528,'2018',14,5011,'2018-04-03','\r'),
	(3529,'2018',14,5043,'2018-04-04','\r'),
	(3530,'2018',14,5083,'2018-04-22','\r'),
	(3531,'2018',14,5123,'2018-04-14','\r'),
	(3532,'2018',14,5163,'2018-04-01','\r'),
	(3533,'2018',14,5203,'2018-04-02','\r'),
	(3534,'2018',14,5243,'2018-04-01','\r'),
	(3535,'2018',14,5010,'2018-04-03','\r'),
	(3536,'2018',14,5042,'2018-04-04','\r'),
	(3537,'2018',14,5058,'2018-04-22','\r'),
	(3538,'2018',14,5082,'2018-04-04','\r'),
	(3539,'2018',14,5122,'2018-04-14','\r'),
	(3540,'2018',14,5202,'2018-04-01','\r'),
	(3541,'2018',14,5042,'2018-04-02','\r'),
	(3542,'2018',14,5058,'2018-04-01','\r'),
	(3543,'2018',15,5082,'2018-04-03','\r'),
	(3544,'2018',15,5122,'2018-04-04','\r'),
	(3545,'2018',15,5162,'2018-04-22','\r'),
	(3546,'2018',15,5202,'2018-04-14','\r'),
	(3547,'2018',15,5242,'2018-04-01','\r'),
	(3548,'2018',15,5066,'2018-04-22','\r'),
	(3549,'2018',15,5322,'2018-04-04','\r'),
	(3550,'2018',15,5204,'2018-04-14','\r'),
	(3551,'2018',15,5004,'2018-04-01','\r'),
	(3552,'2018',15,5008,'2018-04-02','\r'),
	(3553,'2018',15,5010,'2018-04-01','\r'),
	(3554,'2018',15,5013,'2018-04-03','\r'),
	(3555,'2018',15,5018,'2018-04-04','\r'),
	(3556,'2018',15,5023,'2018-04-22','\r'),
	(3557,'2018',15,5028,'2018-04-14','\r'),
	(3558,'2018',15,5033,'2018-04-01','\r'),
	(3559,'2018',15,5011,'2018-04-02','\r'),
	(3560,'2018',15,5059,'2018-04-01','\r'),
	(3561,'2018',15,5083,'2018-04-03','\r'),
	(3562,'2018',15,5123,'2018-04-22','\r'),
	(3563,'2018',15,5163,'2018-04-04','\r'),
	(3564,'2018',16,5203,'2018-04-14','\r'),
	(3565,'2018',16,5243,'2018-04-01','\r'),
	(3566,'2018',16,5010,'2018-04-02','\r'),
	(3567,'2018',16,5042,'2018-04-01','\r'),
	(3568,'2018',16,5058,'2018-04-03','\r'),
	(3569,'2018',16,5082,'2018-04-04','\r'),
	(3570,'2018',16,5162,'2018-04-22','\r'),
	(3571,'2018',16,5202,'2018-04-14','\r'),
	(3572,'2018',16,5242,'2018-04-01','\r'),
	(3573,'2018',16,5066,'2018-04-02','\r'),
	(3574,'2018',16,5322,'2018-04-01','\r'),
	(3575,'2018',16,5036,'2018-04-03','\r'),
	(3576,'2018',16,5204,'2018-04-04','\r'),
	(3577,'2018',16,5004,'2018-04-22','\r'),
	(3578,'2018',16,5008,'2018-04-04','\r'),
	(3579,'2018',17,5010,'2018-04-14','\r'),
	(3580,'2018',17,5018,'2018-04-01','\r'),
	(3581,'2018',17,5023,'2018-04-02','\r'),
	(3582,'2018',17,5001,'2018-04-01','\r'),
	(3583,'2018',17,5005,'2018-04-03','\r'),
	(3584,'2018',17,5007,'2018-04-04','\r'),
	(3585,'2018',17,5010,'2018-04-22','\r'),
	(3586,'2018',17,5015,'2018-04-14','\r'),
	(3587,'2018',17,5020,'2018-04-01','\r'),
	(3588,'2018',17,5025,'2018-04-22','\r'),
	(3589,'2018',17,5030,'2018-04-04','\r'),
	(3590,'2018',17,5040,'2018-04-14','\r'),
	(3591,'2018',17,5056,'2018-04-01','\r'),
	(3592,'2018',17,5080,'2018-04-02','\r'),
	(3593,'2018',17,5120,'2018-04-01','\r'),
	(3594,'2018',17,5160,'2018-04-03','\r'),
	(3595,'2018',17,5200,'2018-04-04','\r'),
	(3596,'2018',17,5240,'2018-04-22','\r'),
	(3597,'2018',17,5064,'2018-04-14','\r'),
	(3598,'2018',17,5320,'2018-04-01','\r'),
	(3599,'2018',17,5399,'2018-04-02','\r'),
	(3600,'2018',19,5006,'2018-04-01','\r'),
	(3601,'2018',19,5008,'2018-04-03','\r'),
	(3602,'2018',19,5011,'2018-04-04','\r'),
	(3603,'2018',19,5016,'2018-04-22','\r'),
	(3604,'2018',19,5021,'2018-04-04','\r'),
	(3605,'2018',19,5026,'2018-04-14','\r'),
	(3606,'2018',19,5031,'2018-04-01','\r'),
	(3607,'2018',19,5009,'2018-04-02','\r'),
	(3608,'2018',19,5041,'2018-04-01','\r'),
	(3609,'2018',19,5057,'2018-04-03','\r'),
	(3610,'2018',19,5121,'2018-04-04','\r'),
	(3611,'2018',19,5161,'2018-04-22','\r'),
	(3612,'2018',19,5201,'2018-04-14','\r'),
	(3613,'2018',19,5241,'2018-04-01','\r'),
	(3614,'2018',19,5008,'2018-04-22','\r'),
	(3615,'2018',19,5040,'2018-04-04','\r'),
	(3616,'2018',19,5056,'2018-04-14','\r'),
	(3617,'2018',19,5080,'2018-04-01','\r'),
	(3618,'2018',19,5120,'2018-04-02','\r'),
	(3619,'2018',19,5160,'2018-04-01','\r'),
	(3620,'2018',19,5240,'2018-04-03','\r'),
	(3621,'2018',19,5064,'2018-04-04','\r'),
	(3622,'2018',19,5320,'2018-04-22','\r'),
	(3623,'2018',20,5399,'2018-04-14','\r'),
	(3624,'2018',20,5202,'2018-04-01','\r'),
	(3625,'2018',20,5002,'2018-04-02','\r'),
	(3626,'2018',20,5006,'2018-04-01','\r'),
	(3627,'2018',20,5008,'2018-04-03','\r'),
	(3628,'2018',20,5011,'2018-04-22','\r'),
	(3629,'2018',20,5016,'2018-04-04','\r'),
	(3630,'2018',20,5026,'2018-04-14','\r'),
	(3631,'2018',20,5031,'2018-04-01','\r'),
	(3632,'2018',20,5009,'2018-04-02','\r'),
	(3633,'2018',20,5041,'2018-04-01','\r'),
	(3634,'2018',20,5057,'2018-04-03','\r'),
	(3635,'2018',20,5081,'2018-04-04','\r'),
	(3636,'2018',20,5121,'2018-04-22','\r'),
	(3637,'2018',20,5161,'2018-04-14','\r'),
	(3638,'2018',20,5201,'2018-04-01','\r'),
	(3639,'2018',20,5241,'2018-04-02','\r'),
	(3640,'2018',20,5040,'2018-04-01','\r'),
	(3641,'2018',20,5056,'2018-04-03','\r'),
	(3642,'2018',20,5080,'2018-04-04','\r'),
	(3643,'2018',20,5120,'2018-04-22','\r'),
	(3644,'2018',21,5160,'2018-04-04','\r'),
	(3645,'2018',21,5200,'2018-04-14','\r'),
	(3646,'2018',21,5240,'2018-04-01','\r'),
	(3647,'2018',21,5064,'2018-04-02','\r'),
	(3648,'2018',21,5320,'2018-04-01','\r'),
	(3649,'2018',21,5399,'2018-04-03','\r'),
	(3650,'2018',21,5002,'2018-04-04','\r'),
	(3651,'2018',21,5006,'2018-04-22','\r'),
	(3652,'2018',21,5008,'2018-04-14','\r'),
	(3653,'2018',21,5011,'2018-04-01','\r'),
	(3654,'2018',21,5016,'2018-04-22','\r'),
	(3655,'2018',21,5021,'2018-04-04','\r'),
	(3656,'2018',21,5026,'2018-04-14','\r'),
	(3657,'2018',21,5031,'2018-04-01','\r'),
	(3658,'2018',21,5009,'2018-04-02','\r'),
	(3659,'2018',21,5041,'2018-04-01','\r'),
	(3660,'2018',21,5081,'2018-04-03','\r'),
	(3661,'2018',22,5121,'2018-04-04','\r'),
	(3662,'2018',22,5161,'2018-04-22','\r'),
	(3663,'2018',22,5201,'2018-04-14','\r'),
	(3664,'2018',22,5005,'2018-04-01','\r'),
	(3665,'2018',22,5007,'2018-04-02','\r'),
	(3666,'2018',22,5010,'2018-04-01','\r'),
	(3667,'2018',22,5015,'2018-04-03','\r'),
	(3668,'2018',22,5020,'2018-04-04','\r'),
	(3669,'2018',22,5025,'2018-04-22','\r'),
	(3670,'2018',22,5008,'2018-04-04','\r'),
	(3671,'2018',22,5040,'2018-04-14','\r'),
	(3672,'2018',22,5056,'2018-04-01','\r'),
	(3673,'2018',22,5080,'2018-04-02','\r'),
	(3674,'2018',22,5120,'2018-04-01','\r'),
	(3675,'2018',22,5160,'2018-04-03','\r'),
	(3676,'2018',22,5200,'2018-04-04','\r'),
	(3677,'2018',22,5240,'2018-04-22','\r'),
	(3678,'2018',22,5007,'2018-04-14','\r'),
	(3679,'2018',22,5039,'2018-04-01','\r'),
	(3680,'2018',22,5079,'2018-04-22','\r'),
	(3681,'2018',22,5119,'2018-04-04','\r'),
	(3682,'2018',22,5159,'2018-04-14','\r'),
	(3683,'2018',22,5199,'2018-04-01','\r'),
	(3684,'2018',23,5239,'2018-04-02','\r'),
	(3685,'2018',23,5063,'2018-04-01','\r'),
	(3686,'2018',23,5319,'2018-04-03','\r'),
	(3687,'2018',23,5398,'2018-04-04','\r'),
	(3688,'2018',23,5201,'2018-04-22','\r'),
	(3689,'2018',23,5001,'2018-04-14','\r'),
	(3690,'2018',23,5002,'2018-04-01','\r'),
	(3691,'2018',23,5006,'2018-04-02','\r'),
	(3692,'2018',23,5008,'2018-04-01','\r'),
	(3693,'2018',23,5011,'2018-04-03','\r'),
	(3694,'2018',23,5016,'2018-04-22','\r'),
	(3695,'2018',23,5021,'2018-04-04','\r'),
	(3696,'2018',23,5026,'2018-04-14','\r'),
	(3697,'2018',24,5031,'2018-04-01','\r'),
	(3698,'2018',24,5009,'2018-04-02','\r'),
	(3699,'2018',24,5041,'2018-04-01','\r'),
	(3700,'2018',24,5121,'2018-04-03','\r'),
	(3701,'2018',24,5161,'2018-04-04','\r'),
	(3702,'2018',24,5201,'2018-04-22','\r'),
	(3703,'2018',24,5241,'2018-04-14','\r'),
	(3704,'2018',24,5065,'2018-04-01','\r'),
	(3705,'2018',24,5321,'2018-04-02','\r'),
	(3706,'2018',24,5376,'2018-04-01','\r'),
	(3707,'2018',24,5203,'2018-04-03','\r'),
	(3708,'2018',24,5003,'2018-04-04','\r'),
	(3709,'2018',24,5007,'2018-04-22','\r'),
	(3710,'2018',25,5012,'2018-04-04','\r'),
	(3711,'2018',25,5017,'2018-04-14','\r'),
	(3712,'2018',25,5022,'2018-04-01','\r'),
	(3713,'2018',25,5027,'2018-04-02','\r'),
	(3714,'2018',25,5032,'2018-04-01','\r'),
	(3715,'2018',25,5010,'2018-04-03','\r'),
	(3716,'2018',25,5042,'2018-04-04','\r'),
	(3717,'2018',25,5058,'2018-04-22','\r'),
	(3718,'2018',25,5082,'2018-04-14','\r'),
	(3719,'2018',25,5122,'2018-04-01','\r'),
	(3720,'2018',25,5202,'2018-04-22','\r'),
	(3721,'2018',25,5242,'2018-04-04','\r'),
	(3722,'2018',26,5009,'2018-04-14','\r'),
	(3723,'2018',26,5041,'2018-04-01','\r'),
	(3724,'2018',26,5057,'2018-04-02','\r'),
	(3725,'2018',26,5081,'2018-04-01','\r'),
	(3726,'2018',26,5121,'2018-04-03','\r'),
	(3727,'2018',26,5161,'2018-04-04','\r'),
	(3728,'2018',26,5201,'2018-04-22','\r'),
	(3729,'2018',26,5241,'2018-04-14','\r'),
	(3730,'2018',26,5321,'2018-04-01','\r'),
	(3731,'2018',27,5388,'2018-04-02','\r'),
	(3732,'2018',27,5203,'2018-04-01','\r'),
	(3733,'2018',27,5003,'2018-04-03','\r'),
	(3734,'2018',27,5007,'2018-04-04','\r'),
	(3735,'2018',27,5009,'2018-04-22','\r'),
	(3736,'2018',27,5012,'2018-04-04','\r'),
	(3737,'2018',28,5017,'2018-04-14','\r'),
	(3738,'2018',28,5022,'2018-04-01','\r'),
	(3739,'2018',28,5027,'2018-04-02','\r'),
	(3740,'2018',28,5010,'2018-04-01','\r'),
	(3741,'2018',28,5042,'2018-04-03','\r'),
	(3742,'2018',28,5058,'2018-04-04','\r'),
	(3743,'2018',28,5082,'2018-04-22','\r'),
	(3744,'2018',29,5122,'2018-04-14','\r'),
	(3745,'2018',29,5162,'2018-04-01','\r'),
	(3746,'2018',29,5202,'2018-04-22','\r'),
	(3747,'2018',29,5242,'2018-04-04','\r'),
	(3748,'2018',29,5009,'2018-04-14','\r'),
	(3749,'2018',29,5041,'2018-04-01','\r'),
	(3750,'2018',29,5081,'2018-04-02','\r'),
	(3751,'2018',30,5121,'2018-04-01','\r'),
	(3752,'2018',30,5161,'2018-04-03','\r'),
	(3753,'2018',30,5201,'2018-04-04','\r'),
	(3754,'2018',30,5041,'2018-04-22','\r'),
	(3755,'2018',30,5057,'2018-04-14','\r'),
	(3756,'2018',30,5081,'2018-04-01','\r'),
	(3757,'2018',30,5121,'2018-04-02','\r'),
	(3758,'2018',30,5161,'2018-04-01','\r'),
	(3759,'2018',30,5201,'2018-04-03','\r'),
	(3760,'2018',30,5065,'2018-04-22','\r'),
	(3761,'2018',30,5321,'2018-04-04','\r'),
	(3762,'2018',30,5020,'2018-04-14','\r'),
	(3763,'2018',30,5203,'2018-04-01','\r'),
	(3764,'2018',30,5003,'2018-04-02','\r'),
	(3765,'2018',30,5007,'2018-04-01','\r'),
	(3766,'2018',31,5009,'2018-04-03','\r'),
	(3767,'2018',31,5012,'2018-04-04','\r'),
	(3768,'2018',31,5017,'2018-04-22','\r'),
	(3769,'2018',31,5022,'2018-04-14','\r'),
	(3770,'2018',31,5032,'2018-04-01','\r'),
	(3771,'2018',31,5010,'2018-04-02','\r'),
	(3772,'2018',31,5042,'2018-04-01','\r'),
	(3773,'2018',31,5058,'2018-04-03','\r'),
	(3774,'2018',31,5082,'2018-04-04','\r'),
	(3775,'2018',31,5122,'2018-04-22','\r'),
	(3776,'2018',31,5162,'2018-04-04','\r'),
	(3777,'2018',32,5202,'2018-04-14','\r'),
	(3778,'2018',32,5242,'2018-04-01','\r'),
	(3779,'2018',32,5009,'2018-04-02','\r'),
	(3780,'2018',32,5057,'2018-04-01','\r'),
	(3781,'2018',32,5081,'2018-04-03','\r'),
	(3782,'2018',32,5121,'2018-04-04','\r'),
	(3783,'2018',32,5161,'2018-04-22','\r'),
	(3784,'2018',32,5201,'2018-04-14','\r'),
	(3785,'2018',32,5241,'2018-04-01','\r'),
	(3786,'2018',32,5065,'2018-04-22','\r'),
	(3787,'2018',32,5321,'2018-04-04','\r'),
	(3788,'2018',32,5032,'2018-04-14','\r'),
	(3789,'2018',33,5203,'2018-04-01','\r'),
	(3790,'2018',33,5007,'2018-04-02','\r'),
	(3791,'2018',33,5009,'2018-04-01','\r'),
	(3792,'2018',33,5012,'2018-04-03','\r'),
	(3793,'2018',33,5017,'2018-04-04','\r'),
	(3794,'2018',33,5022,'2018-04-22','\r'),
	(3795,'2018',33,5027,'2018-04-14','\r'),
	(3796,'2018',33,5032,'2018-04-01','\r'),
	(3797,'2018',33,5010,'2018-04-02','\r'),
	(3798,'2018',33,5042,'2018-04-01','\r'),
	(3799,'2018',33,5058,'2018-04-03','\r'),
	(3800,'2018',33,5162,'2018-04-04','\r'),
	(3801,'2018',33,5202,'2018-04-22','\r'),
	(3802,'2018',33,5242,'2018-04-04','\r'),
	(3803,'2018',33,5009,'2018-04-14','\r'),
	(3804,'2018',33,5041,'2018-04-01','\r'),
	(3805,'2018',33,5057,'2018-04-02','\r'),
	(3806,'2018',34,5081,'2018-04-01','\r'),
	(3807,'2018',34,5121,'2018-04-03','\r'),
	(3808,'2018',34,5161,'2018-04-04','\r'),
	(3809,'2018',34,5201,'2018-04-22','\r'),
	(3810,'2018',34,5065,'2018-04-14','\r'),
	(3811,'2018',34,5321,'2018-04-01','\r'),
	(3812,'2018',34,5044,'2018-04-22','\r'),
	(3813,'2018',34,5203,'2018-04-04','\r'),
	(3814,'2018',34,5003,'2018-04-14','\r'),
	(3815,'2018',34,5007,'2018-04-01','\r'),
	(3816,'2018',34,5009,'2018-04-02','\r'),
	(3817,'2018',34,5012,'2018-04-01','\r'),
	(3818,'2018',35,5017,'2018-04-03','\r'),
	(3819,'2018',35,5022,'2018-04-04','\r'),
	(3820,'2018',35,5032,'2018-04-22','\r'),
	(3821,'2018',35,5010,'2018-04-14','\r'),
	(3822,'2018',35,5042,'2018-04-01','\r'),
	(3823,'2018',35,5058,'2018-04-02','\r'),
	(3824,'2018',35,5082,'2018-04-01','\r'),
	(3825,'2018',35,5122,'2018-04-03','\r'),
	(3826,'2018',35,5162,'2018-04-22','\r'),
	(3827,'2018',35,5202,'2018-04-04','\r'),
	(3828,'2018',35,5006,'2018-04-14','\r'),
	(3829,'2018',36,5008,'2018-04-01','\r'),
	(3830,'2018',36,5016,'2018-04-02','\r'),
	(3831,'2018',36,5021,'2018-04-01','\r'),
	(3832,'2018',36,5026,'2018-04-03','\r'),
	(3833,'2018',36,5031,'2018-04-04','\r'),
	(3834,'2018',36,5009,'2018-04-22','\r'),
	(3835,'2018',36,5041,'2018-04-14','\r'),
	(3836,'2018',36,5057,'2018-04-01','\r'),
	(3837,'2018',36,5081,'2018-04-02','\r'),
	(3838,'2018',36,5121,'2018-04-01','\r'),
	(3839,'2018',36,5161,'2018-04-03','\r'),
	(3840,'2018',36,5241,'2018-04-04','\r'),
	(3841,'2018',36,5008,'2018-04-22','\r'),
	(3842,'2018',36,5040,'2018-04-04','\r'),
	(3843,'2018',36,5056,'2018-04-14','\r'),
	(3844,'2018',36,5080,'2018-04-01','\r'),
	(3845,'2018',36,5120,'2018-04-02','\r'),
	(3846,'2018',36,5160,'2018-04-01','\r'),
	(3847,'2018',37,5200,'2018-04-03','\r'),
	(3848,'2018',37,5240,'2018-04-04','\r'),
	(3849,'2018',37,5064,'2018-04-22','\r'),
	(3850,'2018',37,5399,'2018-04-14','\r'),
	(3851,'2018',37,5202,'2018-04-01','\r'),
	(3852,'2018',37,5002,'2018-04-22','\r'),
	(3853,'2018',37,5006,'2018-04-04','\r'),
	(3854,'2018',37,5003,'2018-04-14','\r'),
	(3855,'2018',37,5007,'2018-04-01','\r'),
	(3856,'2018',37,5009,'2018-04-02','\r'),
	(3857,'2018',37,5012,'2018-04-01','\r'),
	(3858,'2018',37,5017,'2018-04-03','\r'),
	(3859,'2018',37,5022,'2018-04-04','\r'),
	(3860,'2018',37,5032,'2018-04-22','\r'),
	(3861,'2018',37,5010,'2018-04-14','\r'),
	(3862,'2018',37,5042,'2018-04-01','\r'),
	(3863,'2018',37,5058,'2018-04-02','\r'),
	(3864,'2018',37,5082,'2018-04-01','\r'),
	(3865,'2018',37,5122,'2018-04-03','\r'),
	(3866,'2018',37,5162,'2018-04-04','\r'),
	(3867,'2018',38,5202,'2018-04-22','\r'),
	(3868,'2018',38,5242,'2018-04-04','\r'),
	(3869,'2018',38,5066,'2018-04-14','\r'),
	(3870,'2018',38,5018,'2018-04-01','\r'),
	(3871,'2018',38,5204,'2018-04-02','\r'),
	(3872,'2018',38,5004,'2018-04-01','\r'),
	(3873,'2018',38,5008,'2018-04-03','\r'),
	(3874,'2018',38,5010,'2018-04-04','\r'),
	(3875,'2018',38,5013,'2018-04-22','\r'),
	(3876,'2018',38,5018,'2018-04-14','\r'),
	(3877,'2018',38,5023,'2018-04-01','\r'),
	(3878,'2018',38,5028,'2018-04-22','\r'),
	(3879,'2018',38,5033,'2018-04-04','\r'),
	(3880,'2018',38,5043,'2018-04-14','\r'),
	(3881,'2018',38,5059,'2018-04-01','\r'),
	(3882,'2018',38,5083,'2018-04-02','\r'),
	(3883,'2018',39,5123,'2018-04-01','\r'),
	(3884,'2018',39,5163,'2018-04-03','\r'),
	(3885,'2018',39,5203,'2018-04-04','\r'),
	(3886,'2018',39,5243,'2018-04-22','\r'),
	(3887,'2018',39,5010,'2018-04-14','\r'),
	(3888,'2018',39,5042,'2018-04-01','\r'),
	(3889,'2018',39,5058,'2018-04-02','\r'),
	(3890,'2018',39,5122,'2018-04-01','\r'),
	(3891,'2018',39,5162,'2018-04-03','\r'),
	(3892,'2018',39,5202,'2018-04-22','\r'),
	(3893,'2018',39,5242,'2018-04-04','\r'),
	(3894,'2018',39,5066,'2018-04-14','\r'),
	(3895,'2018',39,5322,'2018-04-01','\r'),
	(3896,'2018',39,5009,'2018-04-02','\r'),
	(3897,'2018',39,5204,'2018-04-01','\r'),
	(3898,'2018',39,5004,'2018-04-03','\r'),
	(3899,'2018',39,5008,'2018-04-04','\r'),
	(3900,'2018',39,5018,'2018-04-22','\r'),
	(3901,'2018',40,5023,'2018-04-14','\r'),
	(3902,'2018',40,5028,'2018-04-01','\r'),
	(3903,'2018',40,5033,'2018-04-02','\r'),
	(3904,'2018',40,5011,'2018-04-01','\r'),
	(3905,'2018',40,5043,'2018-04-03','\r'),
	(3906,'2018',40,5059,'2018-04-04','\r'),
	(3907,'2018',40,5083,'2018-04-22','\r'),
	(3908,'2018',40,5123,'2018-04-04','\r'),
	(3909,'2018',40,5163,'2018-04-14','\r'),
	(3910,'2018',40,5243,'2018-04-01','\r'),
	(3911,'2018',41,5010,'2018-04-02','\r'),
	(3912,'2018',41,5042,'2018-04-01','\r'),
	(3913,'2018',41,5058,'2018-04-03','\r'),
	(3914,'2018',41,5082,'2018-04-04','\r'),
	(3915,'2018',41,5122,'2018-04-22','\r'),
	(3916,'2018',41,5162,'2018-04-14','\r'),
	(3917,'2018',41,5202,'2018-04-01','\r'),
	(3918,'2018',41,5042,'2018-04-22','\r'),
	(3919,'2018',41,5058,'2018-04-04','\r'),
	(3920,'2018',41,5122,'2018-04-14','\r'),
	(3921,'2018',41,5162,'2018-04-01','\r'),
	(3922,'2018',41,5202,'2018-04-02','\r'),
	(3923,'2018',41,5242,'2018-04-01','\r'),
	(3924,'2018',41,5066,'2018-04-03','\r'),
	(3925,'2018',41,5322,'2018-04-04','\r'),
	(3926,'2018',41,5364,'2018-04-22','\r'),
	(3927,'2018',42,5204,'2018-04-14','\r'),
	(3928,'2018',42,5004,'2018-04-01','\r'),
	(3929,'2018',42,5008,'2018-04-02','\r'),
	(3930,'2018',42,5013,'2018-04-01','\r'),
	(3931,'2018',42,5018,'2018-04-03','\r'),
	(3932,'2018',42,5023,'2018-04-04','\r'),
	(3933,'2018',42,5028,'2018-04-22','\r'),
	(3934,'2018',42,5033,'2018-04-04','\r'),
	(3935,'2018',42,5011,'2018-04-14','\r'),
	(3936,'2018',42,5043,'2018-04-01','\r'),
	(3937,'2018',42,5059,'2018-04-02','\r'),
	(3938,'2018',42,5083,'2018-04-01','\r'),
	(3939,'2018',42,5123,'2018-04-03','\r'),
	(3940,'2018',42,5203,'2018-04-04','\r'),
	(3941,'2018',42,5243,'2018-04-22','\r'),
	(3942,'2018',42,5010,'2018-04-14','\r'),
	(3943,'2018',43,5042,'2018-04-01','\r'),
	(3944,'2018',43,5058,'2018-04-22','\r'),
	(3945,'2018',43,5082,'2018-04-04','\r'),
	(3946,'2018',43,5122,'2018-04-14','\r'),
	(3947,'2018',43,5162,'2018-04-01','\r'),
	(3948,'2018',43,5202,'2018-04-02','\r'),
	(3949,'2018',43,5242,'2018-04-01','\r'),
	(3950,'2018',43,5322,'2018-04-03','\r'),
	(3951,'2018',43,5182,'2018-04-04','\r'),
	(3952,'2018',44,5204,'2018-04-22','\r'),
	(3953,'2018',44,5004,'2018-04-14','\r'),
	(3954,'2018',44,5008,'2018-04-01','\r'),
	(3955,'2018',44,5010,'2018-04-02','\r'),
	(3956,'2018',44,5013,'2018-04-01','\r'),
	(3957,'2018',44,5018,'2018-04-03','\r'),
	(3958,'2018',44,5023,'2018-04-22','\r'),
	(3959,'2018',44,5028,'2018-04-04','\r'),
	(3960,'2018',44,5011,'2018-04-14','\r'),
	(3961,'2018',44,5043,'2018-04-01','\r'),
	(3962,'2018',44,5059,'2018-04-02','\r'),
	(3963,'2018',45,5083,'2018-04-01','\r'),
	(3964,'2018',45,5123,'2018-04-03','\r'),
	(3965,'2018',45,5163,'2018-04-04','\r'),
	(3966,'2018',45,5203,'2018-04-22','\r'),
	(3967,'2018',45,5243,'2018-04-14','\r'),
	(3968,'2018',45,5010,'2018-04-01','\r'),
	(3969,'2018',45,5042,'2018-04-02','\r'),
	(3970,'2018',45,5082,'2018-04-01','\r'),
	(3971,'2018',45,5122,'2018-04-03','\r'),
	(3972,'2018',45,5162,'2018-04-04','\r'),
	(3973,'2018',45,5202,'2018-04-22','\r'),
	(3974,'2018',45,5242,'2018-04-04','\r'),
	(3975,'2018',45,5066,'2018-04-14','\r'),
	(3976,'2018',45,5322,'2018-04-01','\r'),
	(3977,'2018',46,5091,'2018-04-02','\r'),
	(3978,'2018',46,5204,'2018-04-01','\r'),
	(3979,'2018',46,5004,'2018-04-03','\r'),
	(3980,'2018',46,5010,'2018-04-04','\r'),
	(3981,'2018',46,5013,'2018-04-22','\r'),
	(3982,'2018',46,5018,'2018-04-14','\r'),
	(3983,'2018',46,5023,'2018-04-01','\r'),
	(3984,'2018',46,5028,'2018-04-22','\r'),
	(3985,'2018',46,5033,'2018-04-04','\r'),
	(3986,'2018',46,5011,'2018-04-14','\r'),
	(3987,'2018',46,5043,'2018-04-01','\r'),
	(3988,'2018',46,5059,'2018-04-02','\r'),
	(3989,'2018',46,5083,'2018-04-01','\r'),
	(3990,'2018',46,5163,'2018-04-03','\r'),
	(3991,'2018',46,5203,'2018-04-04','\r'),
	(3992,'2018',46,5007,'2018-04-22','\r'),
	(3993,'2018',47,5009,'2018-04-14','\r'),
	(3994,'2018',47,5012,'2018-04-01','\r'),
	(3995,'2018',47,5017,'2018-04-02','\r'),
	(3996,'2018',47,5022,'2018-04-01','\r'),
	(3997,'2018',47,5027,'2018-04-03','\r'),
	(3998,'2018',47,5032,'2018-04-04','\r'),
	(3999,'2018',47,5061,'2018-04-22','\r'),
	(4000,'2018',47,5205,'2018-04-04','\r'),
	(4001,'2018',47,5245,'2018-04-14','\r'),
	(4002,'2018',47,5069,'2018-04-01','\r'),
	(4003,'2018',47,5325,'2018-04-02','\r'),
	(4004,'2018',47,5046,'2018-04-01','\r'),
	(4005,'2018',47,5207,'2018-04-03','\r'),
	(4006,'2018',47,5007,'2018-04-04','\r'),
	(4007,'2018',47,5011,'2018-04-22','\r'),
	(4008,'2018',47,5013,'2018-04-14','\r'),
	(4009,'2018',47,5016,'2018-04-01','\r'),
	(4010,'2018',47,5026,'2018-04-22','\r'),
	(4011,'2018',48,5031,'2018-04-04','\r'),
	(4012,'2018',48,5036,'2018-04-14','\r'),
	(4013,'2018',48,5014,'2018-04-01','\r'),
	(4014,'2018',48,5046,'2018-04-02','\r'),
	(4015,'2018',48,5062,'2018-04-01','\r'),
	(4016,'2018',48,5086,'2018-04-03','\r'),
	(4017,'2018',48,5126,'2018-04-04','\r'),
	(4018,'2018',48,5166,'2018-04-22','\r'),
	(4019,'2018',48,5206,'2018-04-14','\r'),
	(4020,'2018',48,5013,'2018-04-01','\r'),
	(4021,'2018',48,5045,'2018-04-02','\r'),
	(4022,'2018',48,5061,'2018-04-01','\r'),
	(4023,'2018',48,5085,'2018-04-03','\r'),
	(4024,'2018',48,5125,'2018-04-22','\r'),
	(4025,'2018',48,5165,'2018-04-04','\r'),
	(4026,'2018',48,5205,'2018-04-14','\r'),
	(4027,'2018',48,5245,'2018-04-01','\r'),
	(4028,'2018',48,5069,'2018-04-02','\r'),
	(4029,'2018',48,5325,'2018-04-01','\r'),
	(4030,'2018',48,5207,'2018-04-03','\r'),
	(4031,'2018',48,5007,'2018-04-04','\r'),
	(4032,'2018',49,5011,'2018-04-22','\r'),
	(4033,'2018',49,5013,'2018-04-14','\r'),
	(4034,'2018',49,5016,'2018-04-01','\r'),
	(4035,'2018',49,5021,'2018-04-02','\r'),
	(4036,'2018',49,5026,'2018-04-01','\r'),
	(4037,'2018',49,5031,'2018-04-03','\r'),
	(4038,'2018',49,5036,'2018-04-04','\r'),
	(4039,'2018',49,5014,'2018-04-22','\r'),
	(4040,'2018',49,5062,'2018-04-04','\r'),
	(4041,'2018',49,5086,'2018-04-14','\r'),
	(4042,'2018',49,5126,'2018-04-01','\r'),
	(4043,'2018',49,5166,'2018-04-02','\r'),
	(4044,'2018',49,5206,'2018-04-01','\r'),
	(4045,'2018',49,5246,'2018-04-03','\r'),
	(4046,'2018',49,5013,'2018-04-04','\r'),
	(4047,'2018',49,5045,'2018-04-22','\r'),
	(4048,'2018',50,5061,'2018-04-22','\r'),
	(4049,'2018',50,5085,'2018-04-04','\r'),
	(4050,'2018',50,5165,'2018-04-14','\r'),
	(4051,'2018',50,5205,'2018-04-01','\r'),
	(4052,'2018',50,5245,'2018-04-02','\r'),
	(4053,'2018',50,5069,'2018-04-01','\r'),
	(4054,'2018',50,5325,'2018-04-03','\r'),
	(4055,'2018',50,5023,'2018-04-04','\r'),
	(4056,'2018',50,5207,'2018-04-22','\r'),
	(4057,'2018',50,5007,'2018-04-14','\r'),
	(4058,'2018',51,5011,'2018-04-01','\r'),
	(4059,'2018',51,5013,'2018-04-02','\r'),
	(4060,'2018',51,5021,'2018-04-01','\r'),
	(4061,'2018',51,5026,'2018-04-03','\r'),
	(4062,'2018',51,5031,'2018-04-04','\r'),
	(4063,'2018',51,5036,'2018-04-22','\r'),
	(4064,'2018',51,5014,'2018-04-04','\r'),
	(4065,'2018',51,5046,'2018-04-14','\r'),
	(4066,'2018',52,5062,'2018-04-01','\r'),
	(4067,'2018',52,5086,'2018-04-02','\r'),
	(4068,'2018',52,5126,'2018-04-01','\r'),
	(4069,'2018',52,5166,'2018-04-03','\r'),
	(4070,'2018',52,5010,'2018-04-04','\r'),
	(4071,'2018',52,5012,'2018-04-22','\r'),
	(4072,'2018',52,5015,'2018-04-14','\r'),
	(4073,'2018',52,5020,'2018-04-01','\r'),
	(4074,'2018',52,5025,'2018-04-22','\r'),
	(4075,'2018',52,5030,'2018-04-04','\r'),
	(4076,'2018',52,5035,'2018-04-14','\r'),
	(4077,'2018',52,5013,'2018-04-01','\r'),
	(4078,'2018',52,5045,'2018-04-02','\r'),
	(4079,'2018',52,5061,'2018-04-01','\r'),
	(4080,'2018',52,5125,'2018-04-03','\r'),
	(4081,'2018',53,5165,'2018-04-04','\r'),
	(4082,'2018',53,5205,'2018-04-22','\r'),
	(4083,'2018',53,5245,'2018-04-14','\r'),
	(4084,'2018',53,5012,'2018-04-01','\r'),
	(4085,'2018',53,5044,'2018-04-02','\r'),
	(4086,'2018',53,5060,'2018-04-01','\r'),
	(4087,'2018',53,5084,'2018-04-03','\r'),
	(4088,'2018',53,5124,'2018-04-04','\r'),
	(4089,'2018',53,5164,'2018-04-22','\r'),
	(4090,'2018',53,5244,'2018-04-04','\r'),
	(4091,'2018',53,5068,'2018-04-14','\r'),
	(4092,'2018',53,5324,'2018-04-01','\r'),
	(4093,'2018',53,5036,'2018-04-02','\r'),
	(4094,'2018',53,5206,'2018-04-01','\r'),
	(4095,'2018',53,5006,'2018-04-03','\r'),
	(4096,'2018',53,5010,'2018-04-04','\r'),
	(4097,'2018',53,5007,'2018-04-22','\r'),
	(4098,'2018',53,5011,'2018-04-14','\r'),
	(4099,'2018',54,5013,'2018-04-01','\r'),
	(4100,'2018',54,5026,'2018-04-22','\r'),
	(4101,'2018',54,5031,'2018-04-04','\r'),
	(4102,'2018',54,5036,'2018-04-14','\r'),
	(4103,'2018',54,5014,'2018-04-01','\r'),
	(4104,'2018',54,5046,'2018-04-02','\r'),
	(4105,'2018',54,5062,'2018-04-01','\r'),
	(4106,'2018',54,5086,'2018-04-03','\r'),
	(4107,'2018',54,5126,'2018-04-04','\r'),
	(4108,'2018',54,5166,'2018-04-22','\r'),
	(4109,'2018',54,5206,'2018-04-14','\r'),
	(4110,'2018',54,5070,'2018-04-01','\r'),
	(4111,'2018',54,5326,'2018-04-02','\r'),
	(4112,'2018',54,5345,'2018-04-01','\r'),
	(4113,'2018',54,5208,'2018-04-03','\r'),
	(4114,'2018',55,5008,'2018-04-22','\r'),
	(4115,'2018',55,5012,'2018-04-04','\r'),
	(4116,'2018',55,5014,'2018-04-14','\r'),
	(4117,'2018',55,5017,'2018-04-01','\r'),
	(4118,'2018',55,5022,'2018-04-02','\r'),
	(4119,'2018',55,5027,'2018-04-01','\r'),
	(4120,'2018',55,5037,'2018-04-03','\r'),
	(4121,'2018',55,5015,'2018-04-04','\r'),
	(4122,'2018',55,5047,'2018-04-22','\r'),
	(4123,'2018',56,5063,'2018-04-14','\r'),
	(4124,'2018',56,5087,'2018-04-01','\r'),
	(4125,'2018',56,5127,'2018-04-02','\r'),
	(4126,'2018',56,5167,'2018-04-01','\r'),
	(4127,'2018',56,5207,'2018-04-03','\r'),
	(4128,'2018',56,5247,'2018-04-04','\r'),
	(4129,'2018',56,5014,'2018-04-22','\r'),
	(4130,'2018',56,5062,'2018-04-04','\r'),
	(4131,'2018',56,5086,'2018-04-14','\r'),
	(4132,'2018',56,5126,'2018-04-01','\r'),
	(4133,'2018',56,5166,'2018-04-02','\r'),
	(4134,'2018',56,5206,'2018-04-01','\r'),
	(4135,'2018',57,5246,'2018-04-03','\r'),
	(4136,'2018',57,5070,'2018-04-04','\r'),
	(4137,'2018',57,5326,'2018-04-22','\r'),
	(4138,'2018',57,5172,'2018-04-14','\r'),
	(4139,'2018',57,5208,'2018-04-01','\r'),
	(4140,'2018',57,5012,'2018-04-22','\r'),
	(4141,'2018',57,5014,'2018-04-04','\r'),
	(4142,'2018',57,5017,'2018-04-14','\r'),
	(4143,'2018',57,5022,'2018-04-01','\r'),
	(4144,'2018',57,5027,'2018-04-02','\r'),
	(4145,'2018',57,5032,'2018-04-01','\r'),
	(4146,'2018',57,5037,'2018-04-03','\r'),
	(4147,'2018',57,5015,'2018-04-04','\r'),
	(4148,'2018',57,5047,'2018-04-22','\r'),
	(4149,'2018',57,5063,'2018-04-14','\r'),
	(4150,'2018',57,5127,'2018-04-01','\r'),
	(4151,'2018',57,5167,'2018-04-02','\r'),
	(4152,'2018',57,5207,'2018-04-01','\r'),
	(4153,'2018',57,5247,'2018-04-03','\r'),
	(4154,'2018',57,5014,'2018-04-04','\r'),
	(4155,'2018',57,5046,'2018-04-22','\r'),
	(4156,'2018',57,5062,'2018-04-04','\r'),
	(4157,'2018',58,5086,'2018-04-14','\r'),
	(4158,'2018',58,5126,'2018-04-01','\r'),
	(4159,'2018',58,5166,'2018-04-02','\r'),
	(4160,'2018',58,5046,'2018-04-01','\r'),
	(4161,'2018',58,5062,'2018-04-03','\r'),
	(4162,'2018',58,5086,'2018-04-04','\r'),
	(4163,'2018',58,5126,'2018-04-22','\r'),
	(4164,'2018',58,5166,'2018-04-14','\r'),
	(4165,'2018',58,5206,'2018-04-01','\r'),
	(4166,'2018',58,5246,'2018-04-22','\r'),
	(4167,'2018',58,5070,'2018-04-04','\r'),
	(4168,'2018',58,5326,'2018-04-14','\r'),
	(4169,'2018',58,5086,'2018-04-01','\r'),
	(4170,'2018',58,5008,'2018-04-02','\r'),
	(4171,'2018',58,5012,'2018-04-01','\r'),
	(4172,'2018',58,5014,'2018-04-03','\r'),
	(4173,'2018',58,5017,'2018-04-04','\r'),
	(4174,'2018',58,5022,'2018-04-22','\r'),
	(4175,'2018',58,5027,'2018-04-14','\r'),
	(4176,'2018',58,5032,'2018-04-01','\r'),
	(4177,'2018',58,5037,'2018-04-02','\r'),
	(4178,'2018',58,5015,'2018-04-01','\r'),
	(4179,'2018',58,5047,'2018-04-03','\r'),
	(4180,'2018',58,5087,'2018-04-22','\r'),
	(4181,'2018',58,5127,'2018-04-04','\r'),
	(4182,'2018',58,5167,'2018-04-14','\r'),
	(4183,'2018',58,5207,'2018-04-01','\r'),
	(4184,'2018',58,5247,'2018-04-02','\r'),
	(4185,'2018',59,5014,'2018-04-01','\r'),
	(4186,'2018',59,5046,'2018-04-03','\r'),
	(4187,'2018',59,5062,'2018-04-04','\r'),
	(4188,'2018',59,5086,'2018-04-22','\r'),
	(4189,'2018',59,5126,'2018-04-14','\r'),
	(4190,'2018',59,5206,'2018-04-01','\r'),
	(4191,'2018',59,5246,'2018-04-02','\r'),
	(4192,'2018',59,5070,'2018-04-01','\r'),
	(4193,'2018',59,5326,'2018-04-03','\r'),
	(4194,'2018',59,5043,'2018-04-04','\r'),
	(4195,'2018',59,5208,'2018-04-22','\r'),
	(4196,'2018',59,5008,'2018-04-04','\r'),
	(4197,'2018',59,5012,'2018-04-14','\r'),
	(4198,'2018',59,5014,'2018-04-01','\r'),
	(4199,'2018',59,5017,'2018-04-02','\r'),
	(4200,'2018',59,5032,'2018-04-01','\r'),
	(4201,'2018',59,5037,'2018-04-03','\r'),
	(4202,'2018',59,5015,'2018-04-04','\r'),
	(4203,'2018',59,5047,'2018-04-22','\r'),
	(4204,'2018',59,5063,'2018-04-14','\r'),
	(4205,'2018',60,5087,'2018-04-01','\r'),
	(4206,'2018',60,5127,'2018-04-22','\r'),
	(4207,'2018',60,5167,'2018-04-04','\r'),
	(4208,'2018',60,5207,'2018-04-14','\r'),
	(4209,'2018',60,5247,'2018-04-01','\r'),
	(4210,'2018',60,5046,'2018-04-02','\r'),
	(4211,'2018',60,5062,'2018-04-01','\r'),
	(4212,'2018',60,5086,'2018-04-03','\r'),
	(4213,'2018',60,5126,'2018-04-04','\r'),
	(4214,'2018',60,5166,'2018-04-22','\r'),
	(4215,'2018',60,5206,'2018-04-14','\r'),
	(4216,'2018',61,5246,'2018-04-01','\r'),
	(4217,'2018',61,5070,'2018-04-02','\r'),
	(4218,'2018',61,5326,'2018-04-01','\r'),
	(4219,'2018',61,5022,'2018-04-03','\r'),
	(4220,'2018',61,5008,'2018-04-04','\r'),
	(4221,'2018',61,5012,'2018-04-22','\r'),
	(4222,'2018',61,5014,'2018-04-04','\r'),
	(4223,'2018',61,5017,'2018-04-14','\r'),
	(4224,'2018',61,5022,'2018-04-01','\r'),
	(4225,'2018',61,5027,'2018-04-02','\r'),
	(4226,'2018',61,5032,'2018-04-01','\r'),
	(4227,'2018',62,5037,'2018-04-03','\r'),
	(4228,'2018',62,5015,'2018-04-04','\r'),
	(4229,'2018',62,5047,'2018-04-22','\r'),
	(4230,'2018',62,5087,'2018-04-14','\r'),
	(4231,'2018',62,5127,'2018-04-01','\r'),
	(4232,'2018',62,5167,'2018-04-22','\r'),
	(4233,'2018',62,5207,'2018-04-04','\r'),
	(4234,'2018',62,5011,'2018-04-14','\r'),
	(4235,'2018',62,5013,'2018-04-01','\r'),
	(4236,'2018',62,5016,'2018-04-02','\r'),
	(4237,'2018',62,5021,'2018-04-01','\r'),
	(4238,'2018',62,5026,'2018-04-03','\r'),
	(4239,'2018',62,5031,'2018-04-04','\r'),
	(4240,'2018',62,5014,'2018-04-22','\r'),
	(4241,'2018',62,5046,'2018-04-14','\r'),
	(4242,'2018',62,5062,'2018-04-01','\r'),
	(4243,'2018',62,5086,'2018-04-02','\r'),
	(4244,'2018',62,5126,'2018-04-01','\r'),
	(4245,'2018',62,5166,'2018-04-03','\r'),
	(4246,'2018',62,5206,'2018-04-22','\r'),
	(4247,'2018',62,5246,'2018-04-04','\r'),
	(4248,'2018',62,5013,'2018-04-14','\r'),
	(4249,'2018',62,5045,'2018-04-01','\r'),
	(4250,'2018',62,5085,'2018-04-02','\r'),
	(4251,'2018',62,5125,'2018-04-01','\r'),
	(4252,'2018',62,5165,'2018-04-03','\r'),
	(4253,'2018',63,5205,'2018-04-04','\r'),
	(4254,'2018',63,5245,'2018-04-22','\r'),
	(4255,'2018',63,5069,'2018-04-14','\r'),
	(4256,'2018',63,5325,'2018-04-01','\r'),
	(4257,'2018',63,5024,'2018-04-02','\r'),
	(4258,'2018',63,5207,'2018-04-01','\r'),
	(4259,'2018',63,5007,'2018-04-03','\r'),
	(4260,'2018',63,5008,'2018-04-04','\r'),
	(4261,'2018',63,5012,'2018-04-22','\r'),
	(4262,'2018',63,5014,'2018-04-04','\r'),
	(4263,'2018',63,5017,'2018-04-14','\r'),
	(4264,'2018',64,5022,'2018-04-01','\r'),
	(4265,'2018',64,5027,'2018-04-02','\r'),
	(4266,'2018',64,5032,'2018-04-01','\r'),
	(4267,'2018',64,5037,'2018-04-03','\r'),
	(4268,'2018',64,5015,'2018-04-04','\r'),
	(4269,'2018',64,5047,'2018-04-22','\r'),
	(4270,'2018',64,5087,'2018-04-14','\r'),
	(4271,'2018',64,5127,'2018-04-01','\r'),
	(4272,'2018',64,5167,'2018-04-22','\r'),
	(4273,'2018',64,5207,'2018-04-04','\r'),
	(4287,'2018',67,5048,'2018-04-22','\r'),
	(4288,'2018',67,5064,'2018-04-04','\r'),
	(4289,'2018',67,5088,'2018-04-14','\r'),
	(4290,'2018',67,5168,'2018-04-01','\r'),
	(4291,'2018',67,5208,'2018-04-02','\r'),
	(4292,'2018',67,5248,'2018-04-01','\r'),
	(4293,'2018',67,5016,'2018-04-03','\r'),
	(4294,'2018',67,5021,'2018-04-04','\r'),
	(4295,'2018',67,5026,'2018-04-22','\r'),
	(4296,'2018',67,5031,'2018-04-14','\r'),
	(4297,'2018',67,5009,'2018-04-01','\r'),
	(4298,'2018',67,5041,'2018-04-22','\r'),
	(4299,'2018',67,5057,'2018-04-04','\r'),
	(4300,'2018',67,5161,'2018-04-14','\r'),
	(4302,'2018',67,5201,'2018-04-02','\r'),
	(4303,'2018',68,5241,'2018-04-01','\r'),
	(4304,'2018',68,5008,'2018-04-03','\r'),
	(4305,'2018',68,5040,'2018-04-04','\r'),
	(4306,'2018',68,5056,'2018-04-22','\r'),
	(4307,'2018',68,5080,'2018-04-14','\r'),
	(4308,'2018',68,5120,'2018-04-01','\r'),
	(4309,'2018',68,5160,'2018-04-02','\r'),
	(4310,'2018',68,5240,'2018-04-01','\r'),
	(4311,'2018',68,5064,'2018-04-03','\r'),
	(4312,'2018',68,5320,'2018-04-22','\r'),
	(4313,'2018',68,5399,'2018-04-04','\r'),
	(4314,'2018',68,5202,'2018-04-14','\r'),
	(4315,'2018',68,5002,'2018-04-01','\r'),
	(4316,'2018',69,5006,'2018-04-02','\r'),
	(4317,'2018',69,5008,'2018-04-01','\r'),
	(4318,'2018',69,5011,'2018-04-03','\r'),
	(4319,'2018',69,5016,'2018-04-04','\r'),
	(4320,'2018',69,5026,'2018-04-22','\r'),
	(4321,'2018',69,5031,'2018-04-14','\r'),
	(4322,'2018',69,5009,'2018-04-01','\r'),
	(4323,'2018',69,5041,'2018-04-02','\r'),
	(4324,'2018',69,5057,'2018-04-01','\r'),
	(4325,'2018',69,5081,'2018-04-03','\r'),
	(4326,'2018',69,5121,'2018-04-04','\r'),
	(4327,'2018',69,5161,'2018-04-22','\r'),
	(4328,'2018',70,5201,'2018-04-04','\r'),
	(4329,'2018',70,5005,'2018-04-14','\r'),
	(4330,'2018',70,5010,'2018-04-01','\r'),
	(4331,'2018',70,5015,'2018-04-02','\r'),
	(4332,'2018',70,5020,'2018-04-01','\r'),
	(4333,'2018',70,5025,'2018-04-03','\r'),
	(4334,'2018',70,5030,'2018-04-04','\r'),
	(4335,'2018',70,5059,'2018-04-22','\r'),
	(4336,'2018',70,5083,'2018-04-14','\r'),
	(4337,'2018',70,5123,'2018-04-01','\r'),
	(4338,'2018',70,5163,'2018-04-22','\r'),
	(4339,'2018',70,5203,'2018-04-04','\r'),
	(4340,'2018',70,5067,'2018-04-14','\r'),
	(4341,'2018',70,5323,'2018-04-01','\r'),
	(4342,'2018',70,5144,'2018-04-02','\r'),
	(4343,'2018',70,5205,'2018-04-01','\r'),
	(4344,'2018',70,5005,'2018-04-03','\r'),
	(4345,'2018',70,5009,'2018-04-04','\r'),
	(4346,'2018',70,5011,'2018-04-22','\r'),
	(4347,'2018',70,5014,'2018-04-14','\r'),
	(4369,'2018',73,5205,'2018-04-01','\r'),
	(4370,'2018',73,5009,'2018-04-03','\r'),
	(4371,'2018',73,5011,'2018-04-04','\r'),
	(4372,'2018',73,5014,'2018-04-22','\r'),
	(4373,'2018',73,5019,'2018-04-14','\r'),
	(4374,'2018',73,5024,'2018-04-01','\r'),
	(4375,'2018',73,5029,'2018-04-02','\r'),
	(4376,'2018',73,5034,'2018-04-01','\r'),
	(4377,'2018',73,5012,'2018-04-03','\r'),
	(4378,'2018',73,5044,'2018-04-22','\r'),
	(4379,'2018',73,5060,'2018-04-04','\r'),
	(4380,'2018',73,5124,'2018-04-14','\r'),
	(4381,'2018',73,5164,'2018-04-01','\r'),
	(4382,'2018',73,5204,'2018-04-02','\r'),
	(4383,'2018',74,5244,'2018-04-01','\r'),
	(4384,'2018',74,5011,'2018-04-03','\r'),
	(4385,'2018',74,5043,'2018-04-04','\r'),
	(4386,'2018',74,5059,'2018-04-22','\r'),
	(4387,'2018',74,5083,'2018-04-14','\r'),
	(4388,'2018',74,5123,'2018-04-01','\r'),
	(4389,'2018',74,5163,'2018-04-02','\r'),
	(4390,'2018',74,5243,'2018-04-01','\r'),
	(4391,'2018',74,5067,'2018-04-03','\r'),
	(4392,'2018',74,5323,'2018-04-04','\r'),
	(4393,'2018',74,5036,'2018-04-22','\r'),
	(4394,'2018',74,5205,'2018-04-04','\r'),
	(4395,'2018',74,5005,'2018-04-14','\r'),
	(4396,'2018',74,5009,'2018-04-01','\r'),
	(5000,'2018',74,5011,'2018-12-17',NULL),
	(5005,'2018',62,5011,'2018-12-18',NULL),
	(5006,'2019',53,5011,'2018-12-18',NULL),
	(5007,'2018',75,5011,'2018-12-19',NULL);

/*!40000 ALTER TABLE `enrollment` ENABLE KEYS */;
UNLOCK TABLES;


# Dump of table instructor
# ------------------------------------------------------------

DROP TABLE IF EXISTS `instructor`;

CREATE TABLE `instructor` (
  `ID` int(11) NOT NULL AUTO_INCREMENT,
  `First_Name` varchar(200) DEFAULT NULL,
  `Last_Name` varchar(200) DEFAULT NULL,
  `Email` varchar(200) DEFAULT NULL,
  `Position` varchar(200) DEFAULT NULL,
  `Type` varchar(200) DEFAULT NULL,
  `Department_ID` int(11) DEFAULT NULL,
  PRIMARY KEY (`ID`),
  KEY `fk_dep` (`Department_ID`),
  CONSTRAINT `fk_dep` FOREIGN KEY (`Department_ID`) REFERENCES `department` (`ID`) ON DELETE SET NULL ON UPDATE CASCADE,
  CONSTRAINT `fk_id` FOREIGN KEY (`ID`) REFERENCES `user` (`ID`) ON UPDATE CASCADE
) ENGINE=InnoDB AUTO_INCREMENT=5610 DEFAULT CHARSET=latin1;

LOCK TABLES `instructor` WRITE;
/*!40000 ALTER TABLE `instructor` DISABLE KEYS */;

INSERT INTO `instructor` (`ID`, `First_Name`, `Last_Name`, `Email`, `Position`, `Type`, `Department_ID`)
VALUES
	(5400,'James','Butt','James.Butt@citymail.cuny.edu','Assistant Professor','Tenure',101),
	(5401,'Josephine','Darakjy','Josephine.Darakjy@citymail.cuny.edu','Professor','Tenure',101),
	(5402,'Art','Venere','Art.Venere@citymail.cuny.edu','TA','Tenure',101),
	(5403,'Lenna','Paprocki','Lenna.Paprocki@citymail.cuny.edu','Assistant Professor','Adjunct',101),
	(5404,'Donette','Foller','Donette.Foller@citymail.cuny.edu','Professor','Tenure',101),
	(5405,'Lucina','Lary','Lucina.Lary@citymail.cuny.edu','Assistant Professor','Tenure',101),
	(5406,'Bok','Isaacs','Bok.Isaacs@citymail.cuny.edu','Professor','Tenure',101),
	(5407,'Rolande','Spickerman','Rolande.Spickerman@citymail.cuny.edu','TA','Tenure',101),
	(5408,'Howard','Paulas','Howard.Paulas@citymail.cuny.edu','Assistant Professor','Adjunct',101),
	(5409,'Kimbery','Madarang','Kimbery.Madarang@citymail.cuny.edu','Professor','Tenure',101),
	(5410,'Thurman','Manno','Thurman.Manno@citymail.cuny.edu','TA','Adjunct',101),
	(5411,'Deandrea','Hughey','Deandrea.Hughey@citymail.cuny.edu','Assistant Professor','Tenure',101),
	(5412,'Kimberlie','Duenas','Kimberlie.Duenas@citymail.cuny.edu','Professor','Tenure',101),
	(5413,'Martina','Staback','Martina.Staback@citymail.cuny.edu','TA','Tenure',101),
	(5414,'Felix','Hirpara','Felix.Hirpara@citymail.cuny.edu','Professor','Tenure',101),
	(5415,'Sage','Wieser','Sage.Wieser@citymail.cuny.edu','Assistant Professor','Tenure',102),
	(5416,'Kris','Marrier','Kris.Marrier@citymail.cuny.edu','Professor','Tenure',102),
	(5417,'Minna','Amigon','Minna.Amigon@citymail.cuny.edu','TA','Tenure',102),
	(5418,'Cammy','Albares','Cammy.Albares@citymail.cuny.edu','Assistant Professor','Tenure',102),
	(5419,'Mattie','Poquette','Mattie.Poquette@citymail.cuny.edu','Professor','Tenure',102),
	(5420,'Valentin','Klimek','Valentin.Klimek@citymail.cuny.edu','Assistant Professor','Adjunct',102),
	(5421,'Melissa','Wiklund','Melissa.Wiklund@citymail.cuny.edu','Professor','Tenure',102),
	(5422,'Sheridan','Zane','Sheridan.Zane@citymail.cuny.edu','TA','Adjunct',102),
	(5423,'Bulah','Padilla','Bulah.Padilla@citymail.cuny.edu','Assistant Professor','Tenure',102),
	(5424,'Audra','Kohnert','Audra.Kohnert@citymail.cuny.edu','Professor','Tenure',102),
	(5425,'Skye','Fillingim','Skye.Fillingim@citymail.cuny.edu','TA','Adjunct',102),
	(5426,'Jade','Farrar','Jade.Farrar@citymail.cuny.edu','Assistant Professor','Tenure',102),
	(5427,'Charlene','Hamilton','Charlene.Hamilton@citymail.cuny.edu','Professor','Tenure',102),
	(5428,'Bette','Nicka','Bette.Nicka@citymail.cuny.edu','Professor','Tenure',103),
	(5429,'Veronika','Inouye','Veronika.Inouye@citymail.cuny.edu','TA','Adjunct',103),
	(5430,'Willard','Kolmetz','Willard.Kolmetz@citymail.cuny.edu','Assistant Professor','Tenure',103),
	(5431,'Maryann','Royster','Maryann.Royster@citymail.cuny.edu','Professor','Tenure',103),
	(5432,'Daren','Weirather','Daren.Weirather@citymail.cuny.edu','Assistant Professor','Tenure',103),
	(5433,'Fernanda','Jillson','Fernanda.Jillson@citymail.cuny.edu','Professor','Tenure',103),
	(5434,'Gearldine','Gellinger','Gearldine.Gellinger@citymail.cuny.edu','TA','Tenure',103),
	(5435,'Chau','Kitzman','Chau.Kitzman@citymail.cuny.edu','Assistant Professor','Adjunct',103),
	(5436,'Theola','Frey','Theola.Frey@citymail.cuny.edu','Professor','Tenure',103),
	(5437,'Cheryl','Haroldson','Cheryl.Haroldson@citymail.cuny.edu','TA','Adjunct',103),
	(5438,'Geoffrey','Acey','Geoffrey.Acey@citymail.cuny.edu','Assistant Professor','Tenure',103),
	(5439,'Stevie','Westerbeck','Stevie.Westerbeck@citymail.cuny.edu','Professor','Tenure',103),
	(5440,'Ezekiel','Chui','Ezekiel.Chui@citymail.cuny.edu','Assistant Professor','Adjunct',104),
	(5441,'Willow','Kusko','Willow.Kusko@citymail.cuny.edu','Professor','Tenure',104),
	(5442,'Bernardo','Figeroa','Bernardo.Figeroa@citymail.cuny.edu','TA','Adjunct',104),
	(5443,'Ammie','Corrio','Ammie.Corrio@citymail.cuny.edu','Assistant Professor','Tenure',104),
	(5444,'Francine','Vocelka','Francine.Vocelka@citymail.cuny.edu','Professor','Tenure',104),
	(5445,'Yolando','Luczki','Yolando.Luczki@citymail.cuny.edu','Professor','Tenure',104),
	(5446,'Lizette','Stem','Lizette.Stem@citymail.cuny.edu','TA','Adjunct',104),
	(5447,'Gregoria','Pawlowicz','Gregoria.Pawlowicz@citymail.cuny.edu','Assistant Professor','Tenure',104),
	(5448,'Carin','Deleo','Carin.Deleo@citymail.cuny.edu','Professor','Tenure',104),
	(5449,'Haydee','Denooyer','Haydee.Denooyer@citymail.cuny.edu','Assistant Professor','Adjunct',104),
	(5450,'Joseph','Cryer','Joseph.Cryer@citymail.cuny.edu','Professor','Tenure',104),
	(5451,'Deonna','Kippley','Deonna.Kippley@citymail.cuny.edu','TA','Adjunct',104),
	(5452,'Ernie','Stenseth','Ernie.Stenseth@citymail.cuny.edu','Assistant Professor','Tenure',105),
	(5453,'Albina','Glick','Albina.Glick@citymail.cuny.edu','Professor','Tenure',105),
	(5454,'Alishia','Sergi','Alishia.Sergi@citymail.cuny.edu','TA','Tenure',105),
	(5455,'Solange','Shinko','Solange.Shinko@citymail.cuny.edu','Assistant Professor','Adjunct',105),
	(5456,'Jose','Stockham','Jose.Stockham@citymail.cuny.edu','Professor','Tenure',105),
	(5457,'Chantell','Maynerich','Chantell.Maynerich@citymail.cuny.edu','Assistant Professor','Tenure',105),
	(5458,'Dierdre','Yum','Dierdre.Yum@citymail.cuny.edu','Professor','Tenure',105),
	(5459,'Larae','Gudroe','Larae.Gudroe@citymail.cuny.edu','TA','Tenure',105),
	(5460,'Latrice','Tolfree','Latrice.Tolfree@citymail.cuny.edu','Assistant Professor','Adjunct',105),
	(5461,'Kerry','Theodorov','Kerry.Theodorov@citymail.cuny.edu','Professor','Tenure',105),
	(5462,'Dorthy','Hidvegi','Dorthy.Hidvegi@citymail.cuny.edu','TA','Adjunct',105),
	(5463,'Raymon','Calvaresi','Raymon.Calvaresi@citymail.cuny.edu','TA','Adjunct',105),
	(5464,'Alecia','Bubash','Alecia.Bubash@citymail.cuny.edu','Assistant Professor','Tenure',105),
	(5465,'Ma','Layous','Ma.Layous@citymail.cuny.edu','Professor','Tenure',105),
	(5466,'Youlanda','Schemmer','Youlanda.Schemmer@citymail.cuny.edu','Assistant Professor','Tenure',106),
	(5467,'Dyan','Oldroyd','Dyan.Oldroyd@citymail.cuny.edu','Professor','Tenure',106),
	(5468,'Roxane','Campain','Roxane.Campain@citymail.cuny.edu','TA','Tenure',106),
	(5469,'Jina','Briddick','Jina.Briddick@citymail.cuny.edu','Assistant Professor','Tenure',106),
	(5470,'Kanisha','Waycott','Kanisha.Waycott@citymail.cuny.edu','Professor','Tenure',106),
	(5471,'Sylvia','Cousey','Sylvia.Cousey@citymail.cuny.edu','TA','Adjunct',106),
	(5472,'Nana','Wrinkles','Nana.Wrinkles@citymail.cuny.edu','Assistant Professor','Tenure',106),
	(5473,'Layla','Springe','Layla.Springe@citymail.cuny.edu','Professor','Tenure',106),
	(5474,'Detra','Coyier','Detra.Coyier@citymail.cuny.edu','Assistant Professor','Tenure',106),
	(5475,'Emerson','Bowley','Emerson.Bowley@citymail.cuny.edu','Assistant Professor','Tenure',107),
	(5476,'Blair','Malet','Blair.Malet@citymail.cuny.edu','Professor','Tenure',107),
	(5477,'Marjory','Mastella','Marjory.Mastella@citymail.cuny.edu','TA','Adjunct',107),
	(5478,'Karl','Klonowski','Karl.Klonowski@citymail.cuny.edu','Assistant Professor','Tenure',107),
	(5479,'Tonette','Wenner','Tonette.Wenner@citymail.cuny.edu','Professor','Tenure',107),
	(5480,'Joesph','Degonia','Joesph.Degonia@citymail.cuny.edu','Assistant Professor','Tenure',107),
	(5481,'Annabelle','Boord','Annabelle.Boord@citymail.cuny.edu','Professor','Tenure',107),
	(5482,'Stephaine','Vinning','Stephaine.Vinning@citymail.cuny.edu','TA','Tenure',107),
	(5483,'Nelida','Sawchuk','Nelida.Sawchuk@citymail.cuny.edu','Assistant Professor','Adjunct',107),
	(5484,'Marguerita','Hiatt','Marguerita.Hiatt@citymail.cuny.edu','Professor','Tenure',107),
	(5485,'Terrilyn','Rodeigues','Terrilyn.Rodeigues@citymail.cuny.edu','TA','Adjunct',107),
	(5486,'Salome','Lacovara','Salome.Lacovara@citymail.cuny.edu','Assistant Professor','Tenure',107),
	(5487,'Garry','Keetch','Garry.Keetch@citymail.cuny.edu','Professor','Tenure',107),
	(5488,'Amber','Monarrez','Amber.Monarrez@citymail.cuny.edu','Assistant Professor','Tenure',108),
	(5489,'Shenika','Seewald','Shenika.Seewald@citymail.cuny.edu','Professor','Tenure',108),
	(5490,'Jamal','Vanausdal','Jamal.Vanausdal@citymail.cuny.edu','TA','Adjunct',108),
	(5491,'Cecily','Hollack','Cecily.Hollack@citymail.cuny.edu','Assistant Professor','Tenure',108),
	(5492,'Carmelina','Lindall','Carmelina.Lindall@citymail.cuny.edu','Professor','Tenure',108),
	(5493,'Merlyn','Lawler','Merlyn.Lawler@citymail.cuny.edu','Professor','Tenure',108),
	(5494,'Georgene','Montezuma','Georgene.Montezuma@citymail.cuny.edu','TA','Adjunct',108),
	(5495,'Jettie','Mconnell','Jettie.Mconnell@citymail.cuny.edu','Assistant Professor','Tenure',108),
	(5496,'Lemuel','Latzke','Lemuel.Latzke@citymail.cuny.edu','Professor','Tenure',108),
	(5497,'Matthew','Neither','Matthew.Neither@citymail.cuny.edu','Assistant Professor','Tenure',108),
	(5498,'Theodora','Restrepo','Theodora.Restrepo@citymail.cuny.edu','Professor','Tenure',108),
	(5499,'Maurine','Yglesias','Maurine.Yglesias@citymail.cuny.edu','Assistant Professor','Tenure',109),
	(5500,'Tawna','Buvens','Tawna.Buvens@citymail.cuny.edu','Professor','Tenure',109),
	(5501,'Penney','Weight','Penney.Weight@citymail.cuny.edu','TA','Tenure',109),
	(5502,'Elly','Morocco','Elly.Morocco@citymail.cuny.edu','Assistant Professor','Adjunct',109),
	(5503,'Ilene','Eroman','Ilene.Eroman@citymail.cuny.edu','Professor','Tenure',109),
	(5504,'Melodie','Knipp','Melodie.Knipp@citymail.cuny.edu','Assistant Professor','Tenure',109),
	(5505,'Candida','Corbley','Candida.Corbley@citymail.cuny.edu','Professor','Tenure',109),
	(5506,'Karan','Karpin','Karan.Karpin@citymail.cuny.edu','TA','Tenure',109),
	(5507,'Andra','Scheyer','Andra.Scheyer@citymail.cuny.edu','Assistant Professor','Adjunct',109),
	(5508,'Felicidad','Poullion','Felicidad.Poullion@citymail.cuny.edu','Professor','Tenure',109),
	(5509,'Belen','Strassner','Belen.Strassner@citymail.cuny.edu','TA','Adjunct',109),
	(5510,'Gracia','Melnyk','Gracia.Melnyk@citymail.cuny.edu','Assistant Professor','Tenure',109),
	(5511,'Noah','Kalafatis','Noah.Kalafatis@citymail.cuny.edu','Professor','Tenure',109),
	(5512,'Moon','Parlato','Moon.Parlato@citymail.cuny.edu','Assistant Professor','Adjunct',110),
	(5513,'Laurel','Reitler','Laurel.Reitler@citymail.cuny.edu','Professor','Tenure',110),
	(5514,'Delisa','Crupi','Delisa.Crupi@citymail.cuny.edu','TA','Adjunct',110),
	(5515,'Viva','Toelkes','Viva.Toelkes@citymail.cuny.edu','Assistant Professor','Tenure',110),
	(5516,'Elza','Lipke','Elza.Lipke@citymail.cuny.edu','Professor','Tenure',110),
	(5517,'Ronny','Caiafa','Ronny.Caiafa@citymail.cuny.edu','Professor','Tenure',110),
	(5518,'Marge','Limmel','Marge.Limmel@citymail.cuny.edu','TA','Adjunct',110),
	(5519,'Norah','Waymire','Norah.Waymire@citymail.cuny.edu','Assistant Professor','Tenure',110),
	(5520,'Aliza','Baltimore','Aliza.Baltimore@citymail.cuny.edu','Professor','Tenure',110),
	(5521,'Carmen','Sweigard','Carmen.Sweigard@citymail.cuny.edu','Assistant Professor','Tenure',110),
	(5522,'Lavonda','Hengel','Lavonda.Hengel@citymail.cuny.edu','Professor','Tenure',110),
	(5523,'Devorah','Chickering','Devorah.Chickering@citymail.cuny.edu','Assistant Professor','Tenure',111),
	(5524,'Timothy','Mulqueen','Timothy.Mulqueen@citymail.cuny.edu','Professor','Tenure',111),
	(5525,'Arlette','Honeywell','Arlette.Honeywell@citymail.cuny.edu','TA','Tenure',111),
	(5526,'Dominque','Dickerson','Dominque.Dickerson@citymail.cuny.edu','Assistant Professor','Adjunct',111),
	(5527,'Lettie','Isenhower','Lettie.Isenhower@citymail.cuny.edu','Professor','Tenure',111),
	(5528,'Mozell','Pelkowski','Mozell.Pelkowski@citymail.cuny.edu','Assistant Professor','Tenure',111),
	(5529,'Viola','Bitsuie','Viola.Bitsuie@citymail.cuny.edu','Professor','Tenure',111),
	(5530,'Franklyn','Emard','Franklyn.Emard@citymail.cuny.edu','TA','Tenure',111),
	(5531,'Willodean','Konopacki','Willodean.Konopacki@citymail.cuny.edu','Assistant Professor','Adjunct',111),
	(5532,'Beckie','Silvestrini','Beckie.Silvestrini@citymail.cuny.edu','Professor','Tenure',111),
	(5533,'Junita','Stoltzman','Junita.Stoltzman@citymail.cuny.edu','Assistant Professor','Adjunct',111),
	(5534,'Herminia','Nicolozakes','Herminia.Nicolozakes@citymail.cuny.edu','Professor','Tenure',111),
	(5535,'Casie','Good','Casie.Good@citymail.cuny.edu','TA','Adjunct',111),
	(5536,'Cory','Gibes','Cory.Gibes@citymail.cuny.edu','Assistant Professor','Adjunct',112),
	(5537,'Danica','Bruschke','Danica.Bruschke@citymail.cuny.edu','Professor','Tenure',112),
	(5538,'Wilda','Giguere','Wilda.Giguere@citymail.cuny.edu','TA','Adjunct',112),
	(5539,'Elvera','Benimadho','Elvera.Benimadho@citymail.cuny.edu','Assistant Professor','Tenure',112),
	(5540,'Carma','Vanheusen','Carma.Vanheusen@citymail.cuny.edu','Professor','Tenure',112),
	(5541,'Avery','Steier','Avery.Steier@citymail.cuny.edu','Professor','Tenure',112),
	(5542,'Cristy','Lother','Cristy.Lother@citymail.cuny.edu','TA','Adjunct',112),
	(5543,'Nicolette','Brossart','Nicolette.Brossart@citymail.cuny.edu','Assistant Professor','Tenure',112),
	(5544,'Tracey','Modzelewski','Tracey.Modzelewski@citymail.cuny.edu','Professor','Tenure',112),
	(5545,'Reena','Maisto','Reena.Maisto@citymail.cuny.edu','TA','Adjunct',112),
	(5546,'Mirta','Mallett','Mirta.Mallett@citymail.cuny.edu','Assistant Professor','Tenure',112),
	(5547,'Malinda','Hochard','Malinda.Hochard@citymail.cuny.edu','Assistant Professor','Tenure',113),
	(5548,'Natalie','Fern','Natalie.Fern@citymail.cuny.edu','Professor','Tenure',113),
	(5549,'Lisha','Centini','Lisha.Centini@citymail.cuny.edu','TA','Tenure',113),
	(5550,'Arlene','Klusman','Arlene.Klusman@citymail.cuny.edu','Assistant Professor','Adjunct',113),
	(5551,'Virgina','Tegarden','Virgina.Tegarden@citymail.cuny.edu','Assistant Professor','Tenure',113),
	(5552,'Tiera','Frankel','Tiera.Frankel@citymail.cuny.edu','Professor','Tenure',113),
	(5553,'Alaine','Bergesen','Alaine.Bergesen@citymail.cuny.edu','TA','Tenure',113),
	(5554,'Earleen','Mai','Earleen.Mai@citymail.cuny.edu','Assistant Professor','Adjunct',113),
	(5555,'Leonida','Gobern','Leonida.Gobern@citymail.cuny.edu','Professor','Tenure',113),
	(5556,'Ressie','Auffrey','Ressie.Auffrey@citymail.cuny.edu','TA','Adjunct',113),
	(5557,'Justine','Mugnolo','Justine.Mugnolo@citymail.cuny.edu','Assistant Professor','Tenure',113),
	(5558,'Twana','Felger','Twana.Felger@citymail.cuny.edu','TA','Tenure',114),
	(5559,'Estrella','Samu','Estrella.Samu@citymail.cuny.edu','Assistant Professor','Adjunct',114),
	(5560,'Donte','Kines','Donte.Kines@citymail.cuny.edu','Professor','Tenure',114),
	(5561,'Tiffiny','Steffensmeier','Tiffiny.Steffensmeier@citymail.cuny.edu','TA','Adjunct',114),
	(5562,'Edna','Miceli','Edna.Miceli@citymail.cuny.edu','Assistant Professor','Tenure',114),
	(5563,'Sue','Kownacki','Sue.Kownacki@citymail.cuny.edu','Professor','Tenure',114),
	(5564,'Taryn','Moyd','Taryn.Moyd@citymail.cuny.edu','Professor','Tenure',114),
	(5565,'Katina','Polidori','Katina.Polidori@citymail.cuny.edu','TA','Adjunct',114),
	(5566,'Rickie','Plumer','Rickie.Plumer@citymail.cuny.edu','Assistant Professor','Tenure',114),
	(5567,'Alex','Loader','Alex.Loader@citymail.cuny.edu','Professor','Tenure',114),
	(5568,'Cathrine','Pontoriero','Cathrine.Pontoriero@citymail.cuny.edu','TA','Adjunct',114),
	(5569,'Filiberto','Tawil','Filiberto.Tawil@citymail.cuny.edu','Assistant Professor','Tenure',114),
	(5570,'Raul','Upthegrove','Raul.Upthegrove@citymail.cuny.edu','Professor','Tenure',114),
	(5571,'Jesusa','Shin','Jesusa.Shin@citymail.cuny.edu','Assistant Professor','Tenure',115),
	(5572,'Rolland','Francescon','Rolland.Francescon@citymail.cuny.edu','Professor','Tenure',115),
	(5573,'Pamella','Schmierer','Pamella.Schmierer@citymail.cuny.edu','TA','Tenure',115),
	(5574,'Glory','Kulzer','Glory.Kulzer@citymail.cuny.edu','Assistant Professor','Adjunct',115),
	(5575,'Shawna','Palaspas','Shawna.Palaspas@citymail.cuny.edu','Professor','Tenure',115),
	(5576,'Lashon','Vizarro','Lashon.Vizarro@citymail.cuny.edu','Assistant Professor','Tenure',115),
	(5577,'Lauran','Burnard','Lauran.Burnard@citymail.cuny.edu','Professor','Tenure',115),
	(5578,'Ceola','Setter','Ceola.Setter@citymail.cuny.edu','TA','Tenure',115),
	(5579,'My','Rantanen','My.Rantanen@citymail.cuny.edu','Assistant Professor','Adjunct',115),
	(5580,'Lorrine','Worlds','Lorrine.Worlds@citymail.cuny.edu','Professor','Tenure',115),
	(5581,'Sarah','Candlish','Sarah.Candlish@citymail.cuny.edu','Assistant Professor','Tenure',115),
	(5582,'Lucy','Treston','Lucy.Treston@citymail.cuny.edu','Professor','Tenure',115),
	(5583,'Judy','Aquas','Judy.Aquas@citymail.cuny.edu','TA','Tenure',115),
	(5584,'Yvonne','Tjepkema','Yvonne.Tjepkema@citymail.cuny.edu','Assistant Professor','Adjunct',115),
	(5585,'Herman','Demesa','Herman.Demesa@citymail.cuny.edu','Professor','Tenure',116),
	(5586,'Rory','Papasergi','Rory.Papasergi@citymail.cuny.edu','TA','Adjunct',116),
	(5587,'Talia','Riopelle','Talia.Riopelle@citymail.cuny.edu','Assistant Professor','Tenure',116),
	(5588,'Van','Shire','Van.Shire@citymail.cuny.edu','Professor','Tenure',116),
	(5589,'Benedict','Sama','Benedict.Sama@citymail.cuny.edu','Assistant Professor','Adjunct',116),
	(5590,'Alyce','Arias','Alyce.Arias@citymail.cuny.edu','Professor','Tenure',116),
	(5591,'Heike','Berganza','Heike.Berganza@citymail.cuny.edu','TA','Adjunct',116),
	(5592,'Carey','Dopico','Carey.Dopico@citymail.cuny.edu','Assistant Professor','Tenure',116),
	(5593,'Dottie','Hellickson','Dottie.Hellickson@citymail.cuny.edu','Professor','Tenure',116),
	(5594,'Kayleigh','Lace','Kayleigh.Lace@citymail.cuny.edu','Professor','Tenure',116),
	(5595,'Gisele','Burdock','Gisele.Burdock@citymail.cuny.edu','Assistant Professor','Tenure',100),
	(5596,'Aaron','Firpo','Aaron.Firpo@citymail.cuny.edu','Professor','Tenure',100),
	(5597,'Abel','Macmillan','Abel.Macmillan@citymail.cuny.edu','TA','Adjunct',100),
	(5598,'Tim','Conole','Time.Conole@citymail.cuny.edu','Assistant Professor','Tenure',100),
	(5599,'Markus','Tichi','Markus.Tichi@citymail.cuny.edu','Professor','Tenure',100),
	(5600,'Jason','Kent','Jason.Kent@citymail.cuny.edu','Professor','Tenure',100),
	(5601,'Millard','Landor','Millard.Landor@citymail.cuny.edu','Assistant Professor','Adjunct',100),
	(5602,'Yolando','Aamot','Yolando.Aamot@citymail.cuny.edu','Professor','Tenure',100),
	(5603,'Sergio','Aaby','Sergio.Aaby@citymail.cuny.edu','Assistant Professor','Tenure',100),
	(5604,'Adam','Payton','Adam.Payton@citymail.cuny.edu','Professor','Tenure',100),
	(5605,'Sha','Bartczak','Sha.Bartczak@citymail.cuny.edu','Assistant Professor','Tenure',100),
	(5606,'Hans','Zysk','Hans.Zysk@citymail.cuny.edu','Assistant Professor','Tenure',100),
	(5607,'Dion','Kaeser','Dion.Kaeser@citymail.cuny.edu','Professor','Tenure',100),
	(5608,'Dirk','Garan','Dirk.Garan@citymail.cuny.edu','Professor','Tenure',100),
	(5609,'Mitchell','Heap','Mitchell.Heap@citymail.cuny.edu','Professor','Tenure',100);

/*!40000 ALTER TABLE `instructor` ENABLE KEYS */;
UNLOCK TABLES;


# Dump of table section
# ------------------------------------------------------------

DROP TABLE IF EXISTS `section`;

CREATE TABLE `section` (
  `ID` int(11) NOT NULL AUTO_INCREMENT,
  `Course_ID` int(11) DEFAULT NULL,
  `Schedule_ID` int(11) DEFAULT NULL,
  `Instructor_ID` int(11) DEFAULT NULL,
  PRIMARY KEY (`ID`),
  KEY `fk_course` (`Course_ID`),
  KEY `fk_sched` (`Schedule_ID`),
  KEY `fk_inst` (`Instructor_ID`),
  CONSTRAINT `fk_course` FOREIGN KEY (`Course_ID`) REFERENCES `course` (`ID`) ON DELETE CASCADE ON UPDATE CASCADE,
  CONSTRAINT `fk_inst` FOREIGN KEY (`Instructor_ID`) REFERENCES `instructor` (`ID`) ON UPDATE CASCADE,
  CONSTRAINT `fk_sched` FOREIGN KEY (`Schedule_ID`) REFERENCES `class_schedule` (`ID`) ON DELETE SET NULL ON UPDATE CASCADE
) ENGINE=InnoDB AUTO_INCREMENT=77 DEFAULT CHARSET=latin1;

LOCK TABLES `section` WRITE;
/*!40000 ALTER TABLE `section` DISABLE KEYS */;

INSERT INTO `section` (`ID`, `Course_ID`, `Schedule_ID`, `Instructor_ID`)
VALUES
	(1,56,57,5549),
	(2,57,58,5550),
	(3,58,59,5551),
	(6,31,38,5446),
	(7,32,39,5447),
	(8,35,47,5476),
	(9,37,48,5477),
	(12,13,17,5407),
	(13,14,18,5408),
	(14,15,19,5409),
	(15,15,20,5410),
	(16,1,7,5596),
	(17,1,8,5597),
	(18,1,9,5598),
	(19,2,4,5599),
	(20,2,5,5600),
	(21,3,6,5601),
	(22,5,10,5602),
	(23,6,11,5603),
	(24,6,12,5604),
	(25,7,1,5605),
	(26,7,2,5606),
	(27,8,3,5607),
	(28,10,13,5608),
	(29,10,14,5609),
	(30,44,51,5516),
	(31,47,52,5517),
	(32,41,49,5494),
	(33,63,63,5580),
	(34,64,64,5582),
	(35,63,65,5581),
	(36,64,66,5583),
	(37,65,70,5584),
	(38,65,71,5585),
	(39,66,72,5574),
	(40,66,73,5575),
	(41,65,74,5573),
	(42,39,40,5490),
	(43,39,41,5491),
	(44,40,42,5492),
	(45,40,43,5493),
	(46,33,44,5473),
	(47,34,45,5474),
	(48,34,46,5475),
	(49,67,67,5589),
	(50,69,68,5590),
	(51,70,69,5591),
	(52,17,21,5423),
	(53,17,22,5424),
	(54,18,23,5425),
	(55,18,24,5426),
	(56,19,25,5415),
	(57,20,26,5416),
	(58,21,27,5417),
	(59,22,28,5418),
	(60,22,29,5419),
	(61,23,30,5420),
	(62,24,31,5421),
	(63,24,32,5422),
	(64,43,50,5508),
	(67,62,62,5565),
	(68,26,33,5430),
	(69,27,34,5431),
	(70,28,35,5432),
	(73,50,55,5540),
	(74,51,56,5541),
	(75,71,75,5541);

/*!40000 ALTER TABLE `section` ENABLE KEYS */;
UNLOCK TABLES;


# Dump of table student
# ------------------------------------------------------------

DROP TABLE IF EXISTS `student`;

CREATE TABLE `student` (
  `ID` int(11) NOT NULL AUTO_INCREMENT,
  `First_Name` varchar(200) DEFAULT NULL,
  `Last_Name` varchar(200) DEFAULT NULL,
  `Email` varchar(200) DEFAULT NULL,
  PRIMARY KEY (`ID`),
  CONSTRAINT `st_fk` FOREIGN KEY (`ID`) REFERENCES `user` (`ID`) ON UPDATE CASCADE
) ENGINE=InnoDB AUTO_INCREMENT=5400 DEFAULT CHARSET=latin1;

LOCK TABLES `student` WRITE;
/*!40000 ALTER TABLE `student` DISABLE KEYS */;

INSERT INTO `student` (`ID`, `First_Name`, `Last_Name`, `Email`)
VALUES
	(5000,'Rebbecca','Didio','Rebbecca.Didio@citymail.cuny.edu\r'),
	(5001,'Stevie','Hallo','Stevie.Hallo@citymail.cuny.edu\r'),
	(5002,'Mariko','Stayer','Mariko.Stayer@citymail.cuny.edu\r'),
	(5003,'Gerardo','Woodka','Gerardo.Woodka@citymail.cuny.edu\r'),
	(5004,'Mayra','Bena','Mayra.Bena@citymail.cuny.edu\r'),
	(5005,'Idella','Scotland','Idella.Scotland@citymail.cuny.edu\r'),
	(5006,'Sherill','Klar','Sherill.Klar@citymail.cuny.edu\r'),
	(5007,'Ena','Desjardiws','Ena.Desjardiws@citymail.cuny.edu\r'),
	(5008,'Vince','Siena','Vince.Siena@citymail.cuny.edu\r'),
	(5009,'Theron','Jarding','Theron.Jarding@citymail.cuny.edu\r'),
	(5010,'Amira','Chudej','Amira.Chudej@citymail.cuny.edu\r'),
	(5011,'Marica','Tarbor','Marica.Tarbor@citymail.cuny.edu\r'),
	(5012,'Shawna','Albrough','Shawna.Albrough@citymail.cuny.edu\r'),
	(5013,'Paulina','Maker','Paulina.Maker@citymail.cuny.edu\r'),
	(5014,'Rose','Jebb','Rose.Jebb@citymail.cuny.edu\r'),
	(5015,'Reita','Tabar','Reita.Tabar@citymail.cuny.edu\r'),
	(5016,'Maybelle','Bewley','Maybelle.Bewley@citymail.cuny.edu\r'),
	(5017,'Camellia','Pylant','Camellia.Pylant@citymail.cuny.edu\r'),
	(5018,'Roy','Nybo','Roy.Nybo@citymail.cuny.edu\r'),
	(5019,'Albert','Sonier','Albert.Sonier@citymail.cuny.edu\r'),
	(5020,'Hayley','Taghon','Hayley.Taghon@citymail.cuny.edu\r'),
	(5021,'Norah','Daleo','Norah.Daleo@citymail.cuny.edu\r'),
	(5022,'Rosina','Sidhu','Rosina.Sidhu@citymail.cuny.edu\r'),
	(5023,'Royal','Costeira','Royal.Costeira@citymail.cuny.edu\r'),
	(5024,'Barrie','Nicley','Barrie.Nicley@citymail.cuny.edu\r'),
	(5025,'Linsey','Gedman','Linsey.Gedman@citymail.cuny.edu\r'),
	(5026,'Laura','Bourbonnais','Laura.Bourbonnais@citymail.cuny.edu\r'),
	(5027,'Fanny','Stoneking','Fanny.Stoneking@citymail.cuny.edu\r'),
	(5028,'Kristian','Ellerbusch','Kristian.Ellerbusch@citymail.cuny.edu\r'),
	(5029,'Gwen','Julye','Gwen.Julye@citymail.cuny.edu\r'),
	(5030,'Ben','Majorga','Ben.Majorga@citymail.cuny.edu\r'),
	(5031,'Trina','Oto','Trina.Oto@citymail.cuny.edu\r'),
	(5032,'Emelda','Geffers','Emelda.Geffers@citymail.cuny.edu\r'),
	(5033,'Zana','Ploszaj','Zana.Ploszaj@citymail.cuny.edu\r'),
	(5034,'Shaun','Rael','Shaun.Rael@citymail.cuny.edu\r'),
	(5035,'Oren','Lobosco','Oren.Lobosco@citymail.cuny.edu\r'),
	(5036,'Catherin','Aguele','Catherin.Aguele@citymail.cuny.edu\r'),
	(5037,'Pearlene','Boudrie','Pearlene.Boudrie@citymail.cuny.edu\r'),
	(5038,'Kathryn','Bonalumi','Kathryn.Bonalumi@citymail.cuny.edu\r'),
	(5039,'Suzan','Landa','Suzan.Landa@citymail.cuny.edu\r'),
	(5040,'Sommer','Agar','Sommer.Agar@citymail.cuny.edu\r'),
	(5041,'Keena','Rebich','Keena.Rebich@citymail.cuny.edu\r'),
	(5042,'Rupert','Hinkson','Rupert.Hinkson@citymail.cuny.edu\r'),
	(5043,'Aleta','Poarch','Aleta.Poarch@citymail.cuny.edu\r'),
	(5044,'Jamal','Korczynski','Jamal.Korczynski@citymail.cuny.edu\r'),
	(5045,'Luz','Broccoli','Luz.Broccoli@citymail.cuny.edu\r'),
	(5046,'Janessa','Ruthers','Janessa.Ruthers@citymail.cuny.edu\r'),
	(5047,'Lavonne','Esco','Lavonne.Esco@citymail.cuny.edu\r'),
	(5048,'Honey','Lymaster','Honey.Lymaster@citymail.cuny.edu\r'),
	(5049,'Jean','Cecchinato','Jean.Cecchinato@citymail.cuny.edu\r'),
	(5050,'Katlyn','Flitcroft','Katlyn.Flitcroft@citymail.cuny.edu\r'),
	(5051,'Cassie','Soros','Cassie.Soros@citymail.cuny.edu\r'),
	(5052,'Rolf','Gene','Rolf.Gene@citymail.cuny.edu\r'),
	(5053,'Darnell','Moothart','Darnell.Moothart@citymail.cuny.edu\r'),
	(5054,'Cherilyn','Fraize','Cherilyn.Fraize@citymail.cuny.edu\r'),
	(5055,'Lynda','Lazzaro','Lynda.Lazzaro@citymail.cuny.edu\r'),
	(5056,'Leigha','Capelli','Leigha.Capelli@citymail.cuny.edu\r'),
	(5057,'Delfina','Binnie','Delfina.Binnie@citymail.cuny.edu\r'),
	(5058,'Carlota','Gephardt','Carlota.Gephardt@citymail.cuny.edu\r'),
	(5059,'Alida','Helger','Alida.Helger@citymail.cuny.edu\r'),
	(5060,'Donte','Resureccion','Donte.Resureccion@citymail.cuny.edu\r'),
	(5061,'Lou','Kriner','Lou.Kriner@citymail.cuny.edu\r'),
	(5062,'Dortha','Vrieze','Dortha.Vrieze@citymail.cuny.edu\r'),
	(5063,'Genevive','Sanborn','Genevive.Sanborn@citymail.cuny.edu\r'),
	(5064,'Alease','Strawbridge','Alease.Strawbridge@citymail.cuny.edu\r'),
	(5065,'Veda','Mishkin','Veda.Mishkin@citymail.cuny.edu\r'),
	(5066,'Craig','Vandersloot','Craig.Vandersloot@citymail.cuny.edu\r'),
	(5067,'Lauran','Tovmasyan','Lauran.Tovmasyan@citymail.cuny.edu\r'),
	(5068,'Aaron','Kloska','Aaron.Kloska@citymail.cuny.edu\r'),
	(5069,'Francene','Skursky','Francene.Skursky@citymail.cuny.edu\r'),
	(5070,'Zena','Daria','Zena.Daria@citymail.cuny.edu\r'),
	(5071,'Brigette','Breckenstein','Brigette.Breckenstein@citymail.cuny.edu\r'),
	(5072,'Jeniffer','Jezek','Jeniffer.Jezek@citymail.cuny.edu\r'),
	(5073,'Selma','Elm','Selma.Elm@citymail.cuny.edu\r'),
	(5074,'Elenora','Handler','Elenora.Handler@citymail.cuny.edu\r'),
	(5075,'Nadine','Okojie','Nadine.Okojie@citymail.cuny.edu\r'),
	(5076,'Kristin','Shiflet','Kristin.Shiflet@citymail.cuny.edu\r'),
	(5077,'Melinda','Fellhauer','Melinda.Fellhauer@citymail.cuny.edu\r'),
	(5078,'Kirby','Litherland','Kirby.Litherland@citymail.cuny.edu\r'),
	(5079,'Kent','Ivans','Kent.Ivans@citymail.cuny.edu\r'),
	(5080,'Dan','Platz','Dan.Platz@citymail.cuny.edu\r'),
	(5081,'Millie','Pirkl','Millie.Pirkl@citymail.cuny.edu\r'),
	(5082,'Moira','Qadir','Moira.Qadir@citymail.cuny.edu\r'),
	(5083,'Reta','Qazi','Reta.Qazi@citymail.cuny.edu\r'),
	(5084,'Brittney','Lolley','Brittney.Lolley@citymail.cuny.edu\r'),
	(5085,'Leandro','Bolka','Leandro.Bolka@citymail.cuny.edu\r'),
	(5086,'Edison','Sumera','Edison.Sumera@citymail.cuny.edu\r'),
	(5087,'Breana','Cassi','Breana.Cassi@citymail.cuny.edu\r'),
	(5088,'Jarvis','Nicols','Jarvis.Nicols@citymail.cuny.edu\r'),
	(5089,'Felicitas','Orlinski','Felicitas.Orlinski@citymail.cuny.edu\r'),
	(5090,'Geraldine','Neisius','Geraldine.Neisius@citymail.cuny.edu\r'),
	(5091,'Alfred','Pacleb','Alfred.Pacleb@citymail.cuny.edu\r'),
	(5092,'Leatha','Block','Leatha.Block@citymail.cuny.edu\r'),
	(5093,'Jacquelyne','Rosso','Jacquelyne.Rosso@citymail.cuny.edu\r'),
	(5094,'Jonelle','Epps','Jonelle.Epps@citymail.cuny.edu\r'),
	(5095,'Rosamond','Amlin','Rosamond.Amlin@citymail.cuny.edu\r'),
	(5096,'Johnson','Mcenery','Johnson.Mcenery@citymail.cuny.edu\r'),
	(5097,'Elliot','Scatton','Elliot.Scatton@citymail.cuny.edu\r'),
	(5098,'Gerri','Perra','Gerri.Perra@citymail.cuny.edu\r'),
	(5099,'Rosendo','Jelsma','Rosendo.Jelsma@citymail.cuny.edu\r'),
	(5100,'Eveline','Brickhouse','Eveline.Brickhouse@citymail.cuny.edu\r'),
	(5101,'Laurene','Bennett','Laurene.Bennett@citymail.cuny.edu\r'),
	(5102,'Tegan','Ebershoff','Tegan.Ebershoff@citymail.cuny.edu\r'),
	(5103,'Tracie','Huro','Tracie.Huro@citymail.cuny.edu\r'),
	(5104,'Mertie','Kazeck','Mertie.Kazeck@citymail.cuny.edu\r'),
	(5105,'Clare','Bortignon','Clare.Bortignon@citymail.cuny.edu\r'),
	(5106,'Rebeca','Baley','Rebeca.Baley@citymail.cuny.edu\r'),
	(5107,'Nilsa','Pawell','Nilsa.Pawell@citymail.cuny.edu\r'),
	(5108,'Samuel','Arellanes','Samuel.Arellanes@citymail.cuny.edu\r'),
	(5109,'Ivette','Servantes','Ivette.Servantes@citymail.cuny.edu\r'),
	(5110,'Merrilee','Fajen','Merrilee.Fajen@citymail.cuny.edu\r'),
	(5111,'Gianna','Eilers','Gianna.Eilers@citymail.cuny.edu\r'),
	(5112,'Hyman','Phinazee','Hyman.Phinazee@citymail.cuny.edu\r'),
	(5113,'Buck','Pascucci','Buck.Pascucci@citymail.cuny.edu\r'),
	(5114,'Kenny','Leicht','Kenny.Leicht@citymail.cuny.edu\r'),
	(5115,'Tabetha','Bai','Tabetha.Bai@citymail.cuny.edu\r'),
	(5116,'Alonso','Popper','Alonso.Popper@citymail.cuny.edu\r'),
	(5117,'Alonzo','Polek','Alonzo.Polek@citymail.cuny.edu\r'),
	(5118,'Son','Magnotta','Son.Magnotta@citymail.cuny.edu\r'),
	(5119,'Jesusita','Druck','Jesusita.Druck@citymail.cuny.edu\r'),
	(5120,'Annice','Kunich','Annice.Kunich@citymail.cuny.edu\r'),
	(5121,'Delila','Buchman','Delila.Buchman@citymail.cuny.edu\r'),
	(5122,'Iraida','Sionesini','Iraida.Sionesini@citymail.cuny.edu\r'),
	(5123,'Alona','Driesenga','Alona.Driesenga@citymail.cuny.edu\r'),
	(5124,'Lajuana','Vonderahe','Lajuana.Vonderahe@citymail.cuny.edu\r'),
	(5125,'Madelyn','Maestri','Madelyn.Maestri@citymail.cuny.edu\r'),
	(5126,'Louann','Susmilch','Louann.Susmilch@citymail.cuny.edu\r'),
	(5127,'William','Devol','William.Devol@citymail.cuny.edu\r'),
	(5128,'Corazon','Grafenstein','Corazon.Grafenstein@citymail.cuny.edu\r'),
	(5129,'Fairy','Burket','Fairy.Burket@citymail.cuny.edu\r'),
	(5130,'Lashawn','Urion','Lashawn.Urion@citymail.cuny.edu\r'),
	(5131,'Ronald','Gayner','Ronald.Gayner@citymail.cuny.edu\r'),
	(5132,'Shizue','Hayduk','Shizue.Hayduk@citymail.cuny.edu\r'),
	(5133,'Nida','Fitz','Nida.Fitz@citymail.cuny.edu\r'),
	(5134,'Amos','Limberg','Amos.Limberg@citymail.cuny.edu\r'),
	(5135,'Dexter','Prosienski','Dexter.Prosienski@citymail.cuny.edu\r'),
	(5136,'Ludivina','Calamarino','Ludivina.Calamarino@citymail.cuny.edu\r'),
	(5137,'Ariel','Stavely','Ariel.Stavely@citymail.cuny.edu\r'),
	(5138,'Haley','Vaughn','Haley.Vaughn@citymail.cuny.edu\r'),
	(5139,'Raelene','Legeyt','Raelene.Legeyt@citymail.cuny.edu\r'),
	(5140,'Micaela','Shiflett','Micaela.Shiflett@citymail.cuny.edu\r'),
	(5141,'Alpha','Prudhomme','Alpha.Prudhomme@citymail.cuny.edu\r'),
	(5142,'Zack','Warman','Zack.Warman@citymail.cuny.edu\r'),
	(5143,'Wilford','Pata','Wilford.Pata@citymail.cuny.edu\r'),
	(5144,'Carman','Robasciotti','Carman.Robasciotti@citymail.cuny.edu\r'),
	(5145,'Carylon','Bayot','Carylon.Bayot@citymail.cuny.edu\r'),
	(5146,'Gladys','Schmale','Gladys.Schmale@citymail.cuny.edu\r'),
	(5147,'Matilda','Peleg','Matilda.Peleg@citymail.cuny.edu\r'),
	(5148,'Jacklyn','Wojnar','Jacklyn.Wojnar@citymail.cuny.edu\r'),
	(5149,'Tashia','Charney','Tashia.Charney@citymail.cuny.edu\r'),
	(5150,'Dorian','Eischens','Dorian.Eischens@citymail.cuny.edu\r'),
	(5151,'Jesus','Merkt','Jesus.Merkt@citymail.cuny.edu\r'),
	(5152,'Brandee','Svoboda','Brandee.Svoboda@citymail.cuny.edu\r'),
	(5153,'Edda','Mcquaide','Edda.Mcquaide@citymail.cuny.edu\r'),
	(5154,'Felix','Bumby','Felix.Bumby@citymail.cuny.edu\r'),
	(5155,'Ben','Kellman','Ben.Kellman@citymail.cuny.edu\r'),
	(5156,'Mickie','Upton','Mickie.Upton@citymail.cuny.edu\r'),
	(5157,'Phung','Krome','Phung.Krome@citymail.cuny.edu\r'),
	(5158,'Lashonda','Langanke','Lashonda.Langanke@citymail.cuny.edu\r'),
	(5159,'Patria','Popa','Patria.Popa@citymail.cuny.edu\r'),
	(5160,'Nidia','Horr','Nidia.Horr@citymail.cuny.edu\r'),
	(5161,'Skye','Culcasi','Skye.Culcasi@citymail.cuny.edu\r'),
	(5162,'Kanisha','Reyelts','Kanisha.Reyelts@citymail.cuny.edu\r'),
	(5163,'Hector','Barras','Hector.Barras@citymail.cuny.edu\r'),
	(5164,'Stefan','Mongolo','Stefan.Mongolo@citymail.cuny.edu\r'),
	(5165,'Francoise','Byon','Francoise.Byon@citymail.cuny.edu\r'),
	(5166,'Lindy','Vandermeer','Lindy.Vandermeer@citymail.cuny.edu\r'),
	(5167,'Arthur','Diniz','Arthur.Diniz@citymail.cuny.edu\r'),
	(5168,'Nicholle','Hulme','Nicholle.Hulme@citymail.cuny.edu\r'),
	(5169,'Tijuana','Mesch','Tijuana.Mesch@citymail.cuny.edu\r'),
	(5170,'Lorenza','Schoenleber','Lorenza.Schoenleber@citymail.cuny.edu\r'),
	(5171,'Iola','Baird','Iola.Baird@citymail.cuny.edu\r'),
	(5172,'Sang','Weigner','Sang.Weigner@citymail.cuny.edu\r'),
	(5173,'Leonor','Prez','Leonor.Prez@citymail.cuny.edu\r'),
	(5174,'Silvana','Whelpley','Silvana.Whelpley@citymail.cuny.edu\r'),
	(5175,'Anthony','Stever','Anthony.Stever@citymail.cuny.edu\r'),
	(5176,'Wenona','Carmel','Wenona.Carmel@citymail.cuny.edu\r'),
	(5177,'Isadora','Yurick','Isadora.Yurick@citymail.cuny.edu\r'),
	(5178,'Mose','Vonseggern','Mose.Vonseggern@citymail.cuny.edu\r'),
	(5179,'Marci','Aveline','Marci.Aveline@citymail.cuny.edu\r'),
	(5180,'Michel','Hoyne','Michel.Hoyne@citymail.cuny.edu\r'),
	(5181,'Stephania','Connon','Stephania.Connon@citymail.cuny.edu\r'),
	(5182,'Charolette','Turk','Charolette.Turk@citymail.cuny.edu\r'),
	(5183,'Katie','Magro','Katie.Magro@citymail.cuny.edu\r'),
	(5184,'Inocencia','Angeron','Inocencia.Angeron@citymail.cuny.edu\r'),
	(5185,'Nikita','Novosel','Nikita.Novosel@citymail.cuny.edu\r'),
	(5186,'Malcolm','Gohlke','Malcolm.Gohlke@citymail.cuny.edu\r'),
	(5187,'Desiree','Englund','Desiree.Englund@citymail.cuny.edu\r'),
	(5188,'Holley','Worland','Holley.Worland@citymail.cuny.edu\r'),
	(5189,'Maryann','Tates','Maryann.Tates@citymail.cuny.edu\r'),
	(5190,'Ling','Dibello','Ling.Dibello@citymail.cuny.edu\r'),
	(5191,'Hailey','Kopet','Hailey.Kopet@citymail.cuny.edu\r'),
	(5192,'Farrah','Malboeuf','Farrah.Malboeuf@citymail.cuny.edu\r'),
	(5193,'Candra','Deritis','Candra.Deritis@citymail.cuny.edu\r'),
	(5194,'Reuben','Hegland','Reuben.Hegland@citymail.cuny.edu\r'),
	(5195,'Anglea','Andrion','Anglea.Andrion@citymail.cuny.edu\r'),
	(5196,'Paris','Tuccio','Paris.Tuccio@citymail.cuny.edu\r'),
	(5197,'Latricia','Schmoyer','Latricia.Schmoyer@citymail.cuny.edu\r'),
	(5198,'Jeffrey','Leuenberger','Jeffrey.Leuenberger@citymail.cuny.edu\r'),
	(5199,'Dean','Vollstedt','Dean.Vollstedt@citymail.cuny.edu\r'),
	(5200,'Deane','Haag','Deane.Haag@citymail.cuny.edu\r'),
	(5201,'Edelmira','Pedregon','Edelmira.Pedregon@citymail.cuny.edu\r'),
	(5202,'Andrew','Keks','Andrew.Keks@citymail.cuny.edu\r'),
	(5203,'Miesha','Decelles','Miesha.Decelles@citymail.cuny.edu\r'),
	(5204,'Javier','Osmer','Javier.Osmer@citymail.cuny.edu\r'),
	(5205,'Kizzy','Stangle','Kizzy.Stangle@citymail.cuny.edu\r'),
	(5206,'Sharan','Wodicka','Sharan.Wodicka@citymail.cuny.edu\r'),
	(5207,'Novella','Fritch','Novella.Fritch@citymail.cuny.edu\r'),
	(5208,'German','Dones','German.Dones@citymail.cuny.edu\r'),
	(5209,'Robt','Blanck','Robt.Blanck@citymail.cuny.edu\r'),
	(5210,'Rossana','Biler','Rossana.Biler@citymail.cuny.edu\r'),
	(5211,'Henriette','Gish','Henriette.Gish@citymail.cuny.edu\r'),
	(5212,'Buffy','Stitely','Buffy.Stitely@citymail.cuny.edu\r'),
	(5213,'Christiane','Osmanski','Christiane.Osmanski@citymail.cuny.edu\r'),
	(5214,'Annamae','Lothridge','Annamae.Lothridge@citymail.cuny.edu\r'),
	(5215,'Vanesa','Glockner','Vanesa.Glockner@citymail.cuny.edu\r'),
	(5216,'Gennie','Pastorino','Gennie.Pastorino@citymail.cuny.edu\r'),
	(5217,'Tamra','Kenfield','Tamra.Kenfield@citymail.cuny.edu\r'),
	(5218,'Tien','Kinney','Tien.Kinney@citymail.cuny.edu\r'),
	(5219,'Malcom','Leja','Malcom.Leja@citymail.cuny.edu\r'),
	(5220,'Claudia','Gawrych','Claudia.Gawrych@citymail.cuny.edu\r'),
	(5221,'Page','Entzi','Page.Entzi@citymail.cuny.edu\r'),
	(5222,'Lorita','Roches','Lorita.Roches@citymail.cuny.edu\r'),
	(5223,'Annita','Lek','Annita.Lek@citymail.cuny.edu\r'),
	(5224,'Eliseo','Mikovec','Eliseo.Mikovec@citymail.cuny.edu\r'),
	(5225,'Tyisha','Layland','Tyisha.Layland@citymail.cuny.edu\r'),
	(5226,'Colene','Tolbent','Colene.Tolbent@citymail.cuny.edu\r'),
	(5227,'Francis','Senters','Francis.Senters@citymail.cuny.edu\r'),
	(5228,'Hester','Dollins','Hester.Dollins@citymail.cuny.edu\r'),
	(5229,'Susana','Baumgarter','Susana.Baumgarter@citymail.cuny.edu\r'),
	(5230,'Dahlia','Tummons','Dahlia.Tummons@citymail.cuny.edu\r'),
	(5231,'Osvaldo','Falvey','Osvaldo.Falvey@citymail.cuny.edu\r'),
	(5232,'Armando','Barkley','Armando.Barkley@citymail.cuny.edu\r'),
	(5233,'Torie','Deras','Torie.Deras@citymail.cuny.edu\r'),
	(5234,'Tamie','Hollimon','Tamie.Hollimon@citymail.cuny.edu\r'),
	(5235,'Lettie','Hessenthaler','Lettie.Hessenthaler@citymail.cuny.edu\r'),
	(5236,'Chaya','Muhlbauer','Chaya.Muhlbauer@citymail.cuny.edu\r'),
	(5237,'Terina','Wildeboer','Terina.Wildeboer@citymail.cuny.edu\r'),
	(5238,'Lisbeth','Agney','Lisbeth.Agney@citymail.cuny.edu\r'),
	(5239,'Lillian','Dominique','Lillian.Dominique@citymail.cuny.edu\r'),
	(5240,'Corrina','Lindblom','Corrina.Lindblom@citymail.cuny.edu\r'),
	(5241,'Dylan','Chaleun','Dylan.Chaleun@citymail.cuny.edu\r'),
	(5242,'Jerrod','Luening','Jerrod.Luening@citymail.cuny.edu\r'),
	(5243,'Gracie','Vicente','Gracie.Vicente@citymail.cuny.edu\r'),
	(5244,'Barabara','Amedro','Barabara.Amedro@citymail.cuny.edu\r'),
	(5245,'Delsie','Ducos','Delsie.Ducos@citymail.cuny.edu\r'),
	(5246,'Cassie','Digregorio','Cassie.Digregorio@citymail.cuny.edu\r'),
	(5247,'Tamekia','Kajder','Tamekia.Kajder@citymail.cuny.edu\r'),
	(5248,'Johanna','Saffer','Johanna.Saffer@citymail.cuny.edu\r'),
	(5249,'Sharita','Kruk','Sharita.Kruk@citymail.cuny.edu\r'),
	(5250,'Gerald','Chrusciel','Gerald.Chrusciel@citymail.cuny.edu\r'),
	(5251,'Ardella','Dieterich','Ardella.Dieterich@citymail.cuny.edu\r'),
	(5252,'Jackie','Kellebrew','Jackie.Kellebrew@citymail.cuny.edu\r'),
	(5253,'Mabelle','Ramero','Mabelle.Ramero@citymail.cuny.edu\r'),
	(5254,'Jonell','Biasi','Jonell.Biasi@citymail.cuny.edu\r'),
	(5255,'Linwood','Wessner','Linwood.Wessner@citymail.cuny.edu\r'),
	(5256,'Samira','Heninger','Samira.Heninger@citymail.cuny.edu\r'),
	(5257,'Julieta','Cropsey','Julieta.Cropsey@citymail.cuny.edu\r'),
	(5258,'Serita','Barthlow','Serita.Barthlow@citymail.cuny.edu\r'),
	(5259,'Tori','Tepley','Tori.Tepley@citymail.cuny.edu\r'),
	(5260,'Nancey','Whal','Nancey.Whal@citymail.cuny.edu\r'),
	(5261,'Wilbert','Beckes','Wilbert.Beckes@citymail.cuny.edu\r'),
	(5262,'Werner','Hermens','Werner.Hermens@citymail.cuny.edu\r'),
	(5263,'Sunny','Catton','Sunny.Catton@citymail.cuny.edu\r'),
	(5264,'Keva','Moehring','Keva.Moehring@citymail.cuny.edu\r'),
	(5265,'Mary','Dingler','Mary.Dingler@citymail.cuny.edu\r'),
	(5266,'Huey','Bukovac','Huey.Bukovac@citymail.cuny.edu\r'),
	(5267,'Antonio','Eighmy','Antonio.Eighmy@citymail.cuny.edu\r'),
	(5268,'Quinn','Weissbrodt','Quinn.Weissbrodt@citymail.cuny.edu\r'),
	(5269,'Carin','Georgiades','Carin.Georgiades@citymail.cuny.edu\r'),
	(5270,'Jill','Davoren','Jill.Davoren@citymail.cuny.edu\r'),
	(5271,'Sanjuana','Goodness','Sanjuana.Goodness@citymail.cuny.edu\r'),
	(5272,'Elin','Koerner','Elin.Koerner@citymail.cuny.edu\r'),
	(5273,'Charlena','Decamp','Charlena.Decamp@citymail.cuny.edu\r'),
	(5274,'Annette','Breyer','Annette.Breyer@citymail.cuny.edu\r'),
	(5275,'Alexis','Morguson','Alexis.Morguson@citymail.cuny.edu\r'),
	(5276,'Princess','Saffo','Princess.Saffo@citymail.cuny.edu\r'),
	(5277,'Ashton','Sutherburg','Ashton.Sutherburg@citymail.cuny.edu\r'),
	(5278,'Elmer','Redlon','Elmer.Redlon@citymail.cuny.edu\r'),
	(5279,'Aliza','Akiyama','Aliza.Akiyama@citymail.cuny.edu\r'),
	(5280,'Ora','Handrick','Ora.Handrick@citymail.cuny.edu\r'),
	(5281,'Brent','Ahlborn','Brent.Ahlborn@citymail.cuny.edu\r'),
	(5282,'Tora','Telch','Tora.Telch@citymail.cuny.edu\r'),
	(5283,'Hildred','Eilbeck','Hildred.Eilbeck@citymail.cuny.edu\r'),
	(5284,'Dante','Freiman','Dante.Freiman@citymail.cuny.edu\r'),
	(5285,'Emmanuel','Avera','Emmanuel.Avera@citymail.cuny.edu\r'),
	(5286,'Keshia','Wasp','Keshia.Wasp@citymail.cuny.edu\r'),
	(5287,'Sherman','Mahmud','Sherman.Mahmud@citymail.cuny.edu\r'),
	(5288,'Lore','Brothers','Lore.Brothers@citymail.cuny.edu\r'),
	(5289,'Shawn','Weibe','Shawn.Weibe@citymail.cuny.edu\r'),
	(5290,'Karima','Cheever','Karima.Cheever@citymail.cuny.edu\r'),
	(5291,'Francesco','Kloos','Francesco.Kloos@citymail.cuny.edu\r'),
	(5292,'King','Picton','King.Picton@citymail.cuny.edu\r'),
	(5293,'Mica','Simco','Mica.Simco@citymail.cuny.edu\r'),
	(5294,'Lamonica','Princiotta','Lamonica.Princiotta@citymail.cuny.edu\r'),
	(5295,'Curtis','Ware','Curtis.Ware@citymail.cuny.edu\r'),
	(5296,'Sabrina','Rabena','Sabrina.Rabena@citymail.cuny.edu\r'),
	(5297,'Denae','Saeteun','Denae.Saeteun@citymail.cuny.edu\r'),
	(5298,'Anastacia','Carranzo','Anastacia.Carranzo@citymail.cuny.edu\r'),
	(5299,'Irving','Plocica','Irving.Plocica@citymail.cuny.edu\r'),
	(5300,'Elenor','Siefken','Elenor.Siefken@citymail.cuny.edu\r'),
	(5301,'Mary','Irene','Mary.Irene@citymail.cuny.edu\r'),
	(5302,'Crista','Padua','Crista.Padua@citymail.cuny.edu\r'),
	(5303,'Lawana','Yuasa','Lawana.Yuasa@citymail.cuny.edu\r'),
	(5304,'Maryrose','Cove','Maryrose.Cove@citymail.cuny.edu\r'),
	(5305,'Lindsey','Rathmann','Lindsey.Rathmann@citymail.cuny.edu\r'),
	(5306,'Lynelle','Koury','Lynelle.Koury@citymail.cuny.edu\r'),
	(5307,'Brice','Bogacz','Brice.Bogacz@citymail.cuny.edu\r'),
	(5308,'Laine','Killean','Laine.Killean@citymail.cuny.edu\r'),
	(5309,'Rachael','Crawley','Rachael.Crawley@citymail.cuny.edu\r'),
	(5310,'Della','Selestewa','Della.Selestewa@citymail.cuny.edu\r'),
	(5311,'Thomasena','Graziosi','Thomasena.Graziosi@citymail.cuny.edu\r'),
	(5312,'Frederic','Schimke','Frederic.Schimke@citymail.cuny.edu\r'),
	(5313,'Halina','Dellen','Halina.Dellen@citymail.cuny.edu\r'),
	(5314,'Ryann','Riston','Ryann.Riston@citymail.cuny.edu\r'),
	(5315,'Shawn','Vugteveen','Shawn.Vugteveen@citymail.cuny.edu\r'),
	(5316,'Leah','Milsap','Leah.Milsap@citymail.cuny.edu\r'),
	(5317,'Ira','Zihal','Ira.Zihal@citymail.cuny.edu\r'),
	(5318,'Paris','Kinnison','Paris.Kinnison@citymail.cuny.edu\r'),
	(5319,'Shayne','Sundahl','Shayne.Sundahl@citymail.cuny.edu\r'),
	(5320,'Ernestine','Paavola','Ernestine.Paavola@citymail.cuny.edu\r'),
	(5321,'Eleonore','Everline','Eleonore.Everline@citymail.cuny.edu\r'),
	(5322,'Misty','Leriche','Misty.Leriche@citymail.cuny.edu\r'),
	(5323,'Na','Hodges','Na.Hodges@citymail.cuny.edu\r'),
	(5324,'Juan','Knudtson','Juan.Knudtson@citymail.cuny.edu\r'),
	(5325,'Gerald','Kloepper','Gerald.Kloepper@citymail.cuny.edu\r'),
	(5326,'Desmond','Tarkowski','Desmond.Tarkowski@citymail.cuny.edu\r'),
	(5327,'Tommy','Gennusa','Tommy.Gennusa@citymail.cuny.edu\r'),
	(5328,'Adrianna','Poncio','Adrianna.Poncio@citymail.cuny.edu\r'),
	(5329,'Adaline','Galagher','Adaline.Galagher@citymail.cuny.edu\r'),
	(5330,'Tammi','Schiavi','Tammi.Schiavi@citymail.cuny.edu\r'),
	(5331,'Virgilio','Phay','Virgilio.Phay@citymail.cuny.edu\r'),
	(5332,'Emeline','Sotelo','Emeline.Sotelo@citymail.cuny.edu\r'),
	(5333,'Marcos','Seniff','Marcos.Seniff@citymail.cuny.edu\r'),
	(5334,'Yuonne','Carabajal','Yuonne.Carabajal@citymail.cuny.edu\r'),
	(5335,'Gladis','Kazemi','Gladis.Kazemi@citymail.cuny.edu\r'),
	(5336,'Muriel','Drozdowski','Muriel.Drozdowski@citymail.cuny.edu\r'),
	(5337,'Juliann','Dammeyer','Juliann.Dammeyer@citymail.cuny.edu\r'),
	(5338,'Reiko','Dejarme','Reiko.Dejarme@citymail.cuny.edu\r'),
	(5339,'Verdell','Garness','Verdell.Garness@citymail.cuny.edu\r'),
	(5340,'Arleen','Kane','Arleen.Kane@citymail.cuny.edu\r'),
	(5341,'Launa','Vanauken','Launa.Vanauken@citymail.cuny.edu\r'),
	(5342,'Casandra','Gordis','Casandra.Gordis@citymail.cuny.edu\r'),
	(5343,'Julio','Puccini','Julio.Puccini@citymail.cuny.edu\r'),
	(5344,'Alica','Alerte','Alica.Alerte@citymail.cuny.edu\r'),
	(5345,'Karol','Sarkissian','Karol.Sarkissian@citymail.cuny.edu\r'),
	(5346,'Wava','Ochs','Wava.Ochs@citymail.cuny.edu\r'),
	(5347,'Felicitas','Gong','Felicitas.Gong@citymail.cuny.edu\r'),
	(5348,'Jamie','Kushnir','Jamie.Kushnir@citymail.cuny.edu\r'),
	(5349,'Fidelia','Dampier','Fidelia.Dampier@citymail.cuny.edu\r'),
	(5350,'Kris','Medich','Kris.Medich@citymail.cuny.edu\r'),
	(5351,'Lashawna','Filan','Lashawna.Filan@citymail.cuny.edu\r'),
	(5352,'Lachelle','Andrzejewski','Lachelle.Andrzejewski@citymail.cuny.edu\r'),
	(5353,'Katy','Saltourides','Katy.Saltourides@citymail.cuny.edu\r'),
	(5354,'Bettyann','Fernades','Bettyann.Fernades@citymail.cuny.edu\r'),
	(5355,'Valda','Levay','Valda.Levay@citymail.cuny.edu\r'),
	(5356,'Lynette','Beaureguard','Lynette.Beaureguard@citymail.cuny.edu\r'),
	(5357,'Victor','Laroia','Victor.Laroia@citymail.cuny.edu\r'),
	(5358,'Pa','Badgero','Pa.Badgero@citymail.cuny.edu\r'),
	(5359,'Dorathy','Miskelly','Dorathy.Miskelly@citymail.cuny.edu\r'),
	(5360,'Rodrigo','Schuh','Rodrigo.Schuh@citymail.cuny.edu\r'),
	(5361,'Stanford','Waganer','Stanford.Waganer@citymail.cuny.edu\r'),
	(5362,'Michael','Orehek','Michael.Orehek@citymail.cuny.edu\r'),
	(5363,'Ines','Tokich','Ines.Tokich@citymail.cuny.edu\r'),
	(5364,'Dorinda','Markoff','Dorinda.Markoff@citymail.cuny.edu\r'),
	(5365,'Clarence','Gabbert','Clarence.Gabbert@citymail.cuny.edu\r'),
	(5366,'Omer','Radel','Omer.Radel@citymail.cuny.edu\r'),
	(5367,'Winifred','Kingshott','Winifred.Kingshott@citymail.cuny.edu\r'),
	(5368,'Theresia','Salomone','Theresia.Salomone@citymail.cuny.edu\r'),
	(5369,'Daisy','Kearsey','Daisy.Kearsey@citymail.cuny.edu\r'),
	(5370,'Aretha','Bodle','Aretha.Bodle@citymail.cuny.edu\r'),
	(5371,'Bettina','Diciano','Bettina.Diciano@citymail.cuny.edu\r'),
	(5372,'Omega','Mangino','Omega.Mangino@citymail.cuny.edu\r'),
	(5373,'Dana','Vock','Dana.Vock@citymail.cuny.edu\r'),
	(5374,'Naomi','Tuamoheloa','Naomi.Tuamoheloa@citymail.cuny.edu\r'),
	(5375,'Luis','Yerry','Luis.Yerry@citymail.cuny.edu\r'),
	(5376,'Dominga','Barchacky','Dominga.Barchacky@citymail.cuny.edu\r'),
	(5377,'Isreal','Calizo','Isreal.Calizo@citymail.cuny.edu\r'),
	(5378,'Myrtie','Korba','Myrtie.Korba@citymail.cuny.edu\r'),
	(5379,'Jodi','Naifeh','Jodi.Naifeh@citymail.cuny.edu\r'),
	(5380,'Pearly','Hedstrom','Pearly.Hedstrom@citymail.cuny.edu\r'),
	(5381,'Aileen','Menez','Aileen.Menez@citymail.cuny.edu\r'),
	(5382,'Glory','Carlo','Glory.Carlo@citymail.cuny.edu\r'),
	(5383,'Kathrine','Francoise','Kathrine.Francoise@citymail.cuny.edu\r'),
	(5384,'Domingo','Mckale','Domingo.Mckale@citymail.cuny.edu\r'),
	(5385,'Julian','Laprade','Julian.Laprade@citymail.cuny.edu\r'),
	(5386,'Marylou','Lofts','Marylou.Lofts@citymail.cuny.edu\r'),
	(5387,'Louis','Brueck','Louis.Brueck@citymail.cuny.edu\r'),
	(5388,'Ellsworth','Guenther','Ellsworth.Guenther@citymail.cuny.edu\r'),
	(5389,'Wilburn','Lary','Wilburn.Lary@citymail.cuny.edu\r'),
	(5390,'Arlie','Borra','Arlie.Borra@citymail.cuny.edu\r'),
	(5391,'Alysa','Lehoux','Alysa.Lehoux@citymail.cuny.edu\r'),
	(5392,'Marilynn','Herrera','Marilynn.Herrera@citymail.cuny.edu\r'),
	(5393,'Scot','Jarva','Scot.Jarva@citymail.cuny.edu\r'),
	(5394,'Adelaide','Ender','Adelaide.Ender@citymail.cuny.edu\r'),
	(5395,'Jackie','Borchelt','Jackie.Borchelt@citymail.cuny.edu\r'),
	(5396,'Carli','Bame','Carli.Bame@citymail.cuny.edu\r'),
	(5397,'Coletta','Thro','Coletta.Thro@citymail.cuny.edu\r'),
	(5398,'Katheryn','Lamers','Katheryn.Lamers@citymail.cuny.edu\r'),
	(5399,'Santos','Wisenbaker','Santos.Wisenbaker@citymail.cuny.edu\r');

/*!40000 ALTER TABLE `student` ENABLE KEYS */;
UNLOCK TABLES;


# Dump of table user
# ------------------------------------------------------------

DROP TABLE IF EXISTS `user`;

CREATE TABLE `user` (
  `ID` int(11) NOT NULL AUTO_INCREMENT,
  `username` varchar(200) DEFAULT NULL,
  `password` varchar(200) DEFAULT NULL,
  `Administrator` varchar(200) DEFAULT NULL,
  PRIMARY KEY (`ID`)
) ENGINE=InnoDB AUTO_INCREMENT=5610 DEFAULT CHARSET=latin1;

LOCK TABLES `user` WRITE;
/*!40000 ALTER TABLE `user` DISABLE KEYS */;

INSERT INTO `user` (`ID`, `username`, `password`, `Administrator`)
VALUES
	(5000,'RDidio','Rebbecca','\r'),
	(5001,'SHallo','Stevie','\r'),
	(5002,'MStayer','Mariko','\r'),
	(5003,'GWoodka','Gerardo','\r'),
	(5004,'MBena','Mayra','\r'),
	(5005,'IScotland','Idella','\r'),
	(5006,'SKlar','Sherill','\r'),
	(5007,'EDesjardiws','Ena','\r'),
	(5008,'VSiena','Vince','\r'),
	(5009,'TJarding','Theron','\r'),
	(5010,'AChudej','Amira','\r'),
	(5011,'MTarbor','Marica','\r'),
	(5012,'SAlbrough','Shawna','\r'),
	(5013,'PMaker','Paulina','\r'),
	(5014,'RJebb','Rose','\r'),
	(5015,'RTabar','Reita','\r'),
	(5016,'MBewley','Maybelle','\r'),
	(5017,'CPylant','Camellia','\r'),
	(5018,'RNybo','Roy','\r'),
	(5019,'ASonier','Albert','\r'),
	(5020,'HTaghon','Hayley','\r'),
	(5021,'NDaleo','Norah','\r'),
	(5022,'RSidhu','Rosina','\r'),
	(5023,'RCosteira','Royal','\r'),
	(5024,'BNicley','Barrie','\r'),
	(5025,'LGedman','Linsey','\r'),
	(5026,'LBourbonnais','Laura','\r'),
	(5027,'FStoneking','Fanny','\r'),
	(5028,'KEllerbusch','Kristian','\r'),
	(5029,'GJulye','Gwen','\r'),
	(5030,'BMajorga','Ben','\r'),
	(5031,'TOto','Trina','\r'),
	(5032,'EGeffers','Emelda','\r'),
	(5033,'ZPloszaj','Zana','\r'),
	(5034,'SRael','Shaun','\r'),
	(5035,'OLobosco','Oren','\r'),
	(5036,'CAguele','Catherin','\r'),
	(5037,'PBoudrie','Pearlene','\r'),
	(5038,'KBonalumi','Kathryn','\r'),
	(5039,'SLanda','Suzan','\r'),
	(5040,'SAgar','Sommer','\r'),
	(5041,'KRebich','Keena','\r'),
	(5042,'RHinkson','Rupert','\r'),
	(5043,'APoarch','Aleta','\r'),
	(5044,'JKorczynski','Jamal','\r'),
	(5045,'LBroccoli','Luz','\r'),
	(5046,'JRuthers','Janessa','\r'),
	(5047,'LEsco','Lavonne','\r'),
	(5048,'HLymaster','Honey','\r'),
	(5049,'JCecchinato','Jean','\r'),
	(5050,'KFlitcroft','Katlyn','\r'),
	(5051,'CSoros','Cassie','\r'),
	(5052,'RGene','Rolf','\r'),
	(5053,'DMoothart','Darnell','\r'),
	(5054,'CFraize','Cherilyn','\r'),
	(5055,'LLazzaro','Lynda','\r'),
	(5056,'LCapelli','Leigha','\r'),
	(5057,'DBinnie','Delfina','\r'),
	(5058,'CGephardt','Carlota','\r'),
	(5059,'AHelger','Alida','\r'),
	(5060,'DResureccion','Donte','\r'),
	(5061,'LKriner','Lou','\r'),
	(5062,'DVrieze','Dortha','\r'),
	(5063,'GSanborn','Genevive','\r'),
	(5064,'AStrawbridge','Alease','\r'),
	(5065,'VMishkin','Veda','\r'),
	(5066,'CVandersloot','Craig','\r'),
	(5067,'LTovmasyan','Lauran','\r'),
	(5068,'AKloska','Aaron','\r'),
	(5069,'FSkursky','Francene','\r'),
	(5070,'ZDaria','Zena','\r'),
	(5071,'BBreckenstein','Brigette','\r'),
	(5072,'JJezek','Jeniffer','\r'),
	(5073,'SElm','Selma','\r'),
	(5074,'EHandler','Elenora','\r'),
	(5075,'NOkojie','Nadine','\r'),
	(5076,'KShiflet','Kristin','\r'),
	(5077,'MFellhauer','Melinda','\r'),
	(5078,'KLitherland','Kirby','\r'),
	(5079,'KIvans','Kent','\r'),
	(5080,'DPlatz','Dan','\r'),
	(5081,'MPirkl','Millie','\r'),
	(5082,'MQadir','Moira','\r'),
	(5083,'RQazi','Reta','\r'),
	(5084,'BLolley','Brittney','\r'),
	(5085,'LBolka','Leandro','\r'),
	(5086,'ESumera','Edison','\r'),
	(5087,'BCassi','Breana','\r'),
	(5088,'JNicols','Jarvis','\r'),
	(5089,'FOrlinski','Felicitas','\r'),
	(5090,'GNeisius','Geraldine','\r'),
	(5091,'APacleb','Alfred','\r'),
	(5092,'LBlock','Leatha','\r'),
	(5093,'JRosso','Jacquelyne','\r'),
	(5094,'JEpps','Jonelle','\r'),
	(5095,'RAmlin','Rosamond','\r'),
	(5096,'JMcenery','Johnson','\r'),
	(5097,'EScatton','Elliot','\r'),
	(5098,'GPerra','Gerri','\r'),
	(5099,'RJelsma','Rosendo','\r'),
	(5100,'EBrickhouse','Eveline','\r'),
	(5101,'LBennett','Laurene','\r'),
	(5102,'TEbershoff','Tegan','\r'),
	(5103,'THuro','Tracie','\r'),
	(5104,'MKazeck','Mertie','\r'),
	(5105,'CBortignon','Clare','\r'),
	(5106,'RBaley','Rebeca','\r'),
	(5107,'NPawell','Nilsa','\r'),
	(5108,'SArellanes','Samuel','\r'),
	(5109,'IServantes','Ivette','\r'),
	(5110,'MFajen','Merrilee','\r'),
	(5111,'GEilers','Gianna','\r'),
	(5112,'HPhinazee','Hyman','\r'),
	(5113,'BPascucci','Buck','\r'),
	(5114,'KLeicht','Kenny','\r'),
	(5115,'TBai','Tabetha','\r'),
	(5116,'APopper','Alonso','\r'),
	(5117,'APolek','Alonzo','\r'),
	(5118,'SMagnotta','Son','\r'),
	(5119,'JDruck','Jesusita','\r'),
	(5120,'AKunich','Annice','\r'),
	(5121,'DBuchman','Delila','\r'),
	(5122,'ISionesini','Iraida','\r'),
	(5123,'ADriesenga','Alona','\r'),
	(5124,'LVonderahe','Lajuana','\r'),
	(5125,'MMaestri','Madelyn','\r'),
	(5126,'LSusmilch','Louann','\r'),
	(5127,'WDevol','William','\r'),
	(5128,'CGrafenstein','Corazon','\r'),
	(5129,'FBurket','Fairy','\r'),
	(5130,'LUrion','Lashawn','\r'),
	(5131,'RGayner','Ronald','\r'),
	(5132,'SHayduk','Shizue','\r'),
	(5133,'NFitz','Nida','\r'),
	(5134,'ALimberg','Amos','\r'),
	(5135,'DProsienski','Dexter','\r'),
	(5136,'LCalamarino','Ludivina','\r'),
	(5137,'AStavely','Ariel','\r'),
	(5138,'HVaughn','Haley','\r'),
	(5139,'RLegeyt','Raelene','\r'),
	(5140,'MShiflett','Micaela','\r'),
	(5141,'APrudhomme','Alpha','\r'),
	(5142,'ZWarman','Zack','\r'),
	(5143,'WPata','Wilford','\r'),
	(5144,'CRobasciotti','Carman','\r'),
	(5145,'CBayot','Carylon','\r'),
	(5146,'GSchmale','Gladys','\r'),
	(5147,'MPeleg','Matilda','\r'),
	(5148,'JWojnar','Jacklyn','\r'),
	(5149,'TCharney','Tashia','\r'),
	(5150,'DEischens','Dorian','\r'),
	(5151,'JMerkt','Jesus','\r'),
	(5152,'BSvoboda','Brandee','\r'),
	(5153,'EMcquaide','Edda','\r'),
	(5154,'FBumby','Felix','\r'),
	(5155,'BKellman','Ben','\r'),
	(5156,'MUpton','Mickie','\r'),
	(5157,'PKrome','Phung','\r'),
	(5158,'LLanganke','Lashonda','\r'),
	(5159,'PPopa','Patria','\r'),
	(5160,'NHorr','Nidia','\r'),
	(5161,'SCulcasi','Skye','\r'),
	(5162,'KReyelts','Kanisha','\r'),
	(5163,'HBarras','Hector','\r'),
	(5164,'SMongolo','Stefan','\r'),
	(5165,'FByon','Francoise','\r'),
	(5166,'LVandermeer','Lindy','\r'),
	(5167,'ADiniz','Arthur','\r'),
	(5168,'NHulme','Nicholle','\r'),
	(5169,'TMesch','Tijuana','\r'),
	(5170,'LSchoenleber','Lorenza','\r'),
	(5171,'IBaird','Iola','\r'),
	(5172,'SWeigner','Sang','\r'),
	(5173,'LPrez','Leonor','\r'),
	(5174,'SWhelpley','Silvana','\r'),
	(5175,'AStever','Anthony','\r'),
	(5176,'WCarmel','Wenona','\r'),
	(5177,'IYurick','Isadora','\r'),
	(5178,'MVonseggern','Mose','\r'),
	(5179,'MAveline','Marci','\r'),
	(5180,'MHoyne','Michel','\r'),
	(5181,'SConnon','Stephania','\r'),
	(5182,'CTurk','Charolette','\r'),
	(5183,'KMagro','Katie','\r'),
	(5184,'IAngeron','Inocencia','\r'),
	(5185,'NNovosel','Nikita','\r'),
	(5186,'MGohlke','Malcolm','\r'),
	(5187,'DEnglund','Desiree','\r'),
	(5188,'HWorland','Holley','\r'),
	(5189,'MTates','Maryann','\r'),
	(5190,'LDibello','Ling','\r'),
	(5191,'HKopet','Hailey','\r'),
	(5192,'FMalboeuf','Farrah','\r'),
	(5193,'CDeritis','Candra','\r'),
	(5194,'RHegland','Reuben','\r'),
	(5195,'AAndrion','Anglea','\r'),
	(5196,'PTuccio','Paris','\r'),
	(5197,'LSchmoyer','Latricia','\r'),
	(5198,'JLeuenberger','Jeffrey','\r'),
	(5199,'DVollstedt','Dean','\r'),
	(5200,'DHaag','Deane','\r'),
	(5201,'EPedregon','Edelmira','\r'),
	(5202,'AKeks','Andrew','\r'),
	(5203,'MDecelles','Miesha','\r'),
	(5204,'JOsmer','Javier','\r'),
	(5205,'KStangle','Kizzy','\r'),
	(5206,'SWodicka','Sharan','\r'),
	(5207,'NFritch','Novella','\r'),
	(5208,'GDones','German','\r'),
	(5209,'RBlanck','Robt','\r'),
	(5210,'RBiler','Rossana','\r'),
	(5211,'HGish','Henriette','\r'),
	(5212,'BStitely','Buffy','\r'),
	(5213,'COsmanski','Christiane','\r'),
	(5214,'ALothridge','Annamae','\r'),
	(5215,'VGlockner','Vanesa','\r'),
	(5216,'GPastorino','Gennie','\r'),
	(5217,'TKenfield','Tamra','\r'),
	(5218,'TKinney','Tien','\r'),
	(5219,'MLeja','Malcom','\r'),
	(5220,'CGawrych','Claudia','\r'),
	(5221,'PEntzi','Page','\r'),
	(5222,'LRoches','Lorita','\r'),
	(5223,'ALek','Annita','\r'),
	(5224,'EMikovec','Eliseo','\r'),
	(5225,'TLayland','Tyisha','\r'),
	(5226,'CTolbent','Colene','\r'),
	(5227,'FSenters','Francis','\r'),
	(5228,'HDollins','Hester','\r'),
	(5229,'SBaumgarter','Susana','\r'),
	(5230,'DTummons','Dahlia','\r'),
	(5231,'OFalvey','Osvaldo','\r'),
	(5232,'ABarkley','Armando','\r'),
	(5233,'TDeras','Torie','\r'),
	(5234,'THollimon','Tamie','\r'),
	(5235,'LHessenthaler','Lettie','\r'),
	(5236,'CMuhlbauer','Chaya','\r'),
	(5237,'TWildeboer','Terina','\r'),
	(5238,'LAgney','Lisbeth','\r'),
	(5239,'LDominique','Lillian','\r'),
	(5240,'CLindblom','Corrina','\r'),
	(5241,'DChaleun','Dylan','\r'),
	(5242,'JLuening','Jerrod','\r'),
	(5243,'GVicente','Gracie','\r'),
	(5244,'BAmedro','Barabara','\r'),
	(5245,'DDucos','Delsie','\r'),
	(5246,'CDigregorio','Cassie','\r'),
	(5247,'TKajder','Tamekia','\r'),
	(5248,'JSaffer','Johanna','\r'),
	(5249,'SKruk','Sharita','\r'),
	(5250,'GChrusciel','Gerald','\r'),
	(5251,'ADieterich','Ardella','\r'),
	(5252,'JKellebrew','Jackie','\r'),
	(5253,'MRamero','Mabelle','\r'),
	(5254,'JBiasi','Jonell','\r'),
	(5255,'LWessner','Linwood','\r'),
	(5256,'SHeninger','Samira','\r'),
	(5257,'JCropsey','Julieta','\r'),
	(5258,'SBarthlow','Serita','\r'),
	(5259,'TTepley','Tori','\r'),
	(5260,'NWhal','Nancey','\r'),
	(5261,'WBeckes','Wilbert','\r'),
	(5262,'WHermens','Werner','\r'),
	(5263,'SCatton','Sunny','\r'),
	(5264,'KMoehring','Keva','\r'),
	(5265,'MDingler','Mary','\r'),
	(5266,'HBukovac','Huey','\r'),
	(5267,'AEighmy','Antonio','\r'),
	(5268,'QWeissbrodt','Quinn','\r'),
	(5269,'CGeorgiades','Carin','\r'),
	(5270,'JDavoren','Jill','\r'),
	(5271,'SGoodness','Sanjuana','\r'),
	(5272,'EKoerner','Elin','\r'),
	(5273,'CDecamp','Charlena','\r'),
	(5274,'ABreyer','Annette','\r'),
	(5275,'AMorguson','Alexis','\r'),
	(5276,'PSaffo','Princess','\r'),
	(5277,'ASutherburg','Ashton','\r'),
	(5278,'ERedlon','Elmer','\r'),
	(5279,'AAkiyama','Aliza','\r'),
	(5280,'OHandrick','Ora','\r'),
	(5281,'BAhlborn','Brent','\r'),
	(5282,'TTelch','Tora','\r'),
	(5283,'HEilbeck','Hildred','\r'),
	(5284,'DFreiman','Dante','\r'),
	(5285,'EAvera','Emmanuel','\r'),
	(5286,'KWasp','Keshia','\r'),
	(5287,'SMahmud','Sherman','\r'),
	(5288,'LBrothers','Lore','\r'),
	(5289,'SWeibe','Shawn','\r'),
	(5290,'KCheever','Karima','\r'),
	(5291,'FKloos','Francesco','\r'),
	(5292,'KPicton','King','\r'),
	(5293,'MSimco','Mica','\r'),
	(5294,'LPrinciotta','Lamonica','\r'),
	(5295,'CWare','Curtis','\r'),
	(5296,'SRabena','Sabrina','\r'),
	(5297,'DSaeteun','Denae','\r'),
	(5298,'ACarranzo','Anastacia','\r'),
	(5299,'IPlocica','Irving','\r'),
	(5300,'ESiefken','Elenor','\r'),
	(5301,'MIrene','Mary','\r'),
	(5302,'CPadua','Crista','\r'),
	(5303,'LYuasa','Lawana','\r'),
	(5304,'MCove','Maryrose','\r'),
	(5305,'LRathmann','Lindsey','\r'),
	(5306,'LKoury','Lynelle','\r'),
	(5307,'BBogacz','Brice','\r'),
	(5308,'LKillean','Laine','\r'),
	(5309,'RCrawley','Rachael','\r'),
	(5310,'DSelestewa','Della','\r'),
	(5311,'TGraziosi','Thomasena','\r'),
	(5312,'FSchimke','Frederic','\r'),
	(5313,'HDellen','Halina','\r'),
	(5314,'RRiston','Ryann','\r'),
	(5315,'SVugteveen','Shawn','\r'),
	(5316,'LMilsap','Leah','\r'),
	(5317,'IZihal','Ira','\r'),
	(5318,'PKinnison','Paris','\r'),
	(5319,'SSundahl','Shayne','\r'),
	(5320,'EPaavola','Ernestine','\r'),
	(5321,'EEverline','Eleonore','\r'),
	(5322,'MLeriche','Misty','\r'),
	(5323,'NHodges','Na','\r'),
	(5324,'JKnudtson','Juan','\r'),
	(5325,'GKloepper','Gerald','\r'),
	(5326,'DTarkowski','Desmond','\r'),
	(5327,'TGennusa','Tommy','\r'),
	(5328,'APoncio','Adrianna','\r'),
	(5329,'AGalagher','Adaline','\r'),
	(5330,'TSchiavi','Tammi','\r'),
	(5331,'VPhay','Virgilio','\r'),
	(5332,'ESotelo','Emeline','\r'),
	(5333,'MSeniff','Marcos','\r'),
	(5334,'YCarabajal','Yuonne','\r'),
	(5335,'GKazemi','Gladis','\r'),
	(5336,'MDrozdowski','Muriel','\r'),
	(5337,'JDammeyer','Juliann','\r'),
	(5338,'RDejarme','Reiko','\r'),
	(5339,'VGarness','Verdell','\r'),
	(5340,'AKane','Arleen','\r'),
	(5341,'LVanauken','Launa','\r'),
	(5342,'CGordis','Casandra','\r'),
	(5343,'JPuccini','Julio','\r'),
	(5344,'AAlerte','Alica','\r'),
	(5345,'KSarkissian','Karol','\r'),
	(5346,'WOchs','Wava','\r'),
	(5347,'FGong','Felicitas','\r'),
	(5348,'JKushnir','Jamie','\r'),
	(5349,'FDampier','Fidelia','\r'),
	(5350,'KMedich','Kris','\r'),
	(5351,'LFilan','Lashawna','\r'),
	(5352,'LAndrzejewski','Lachelle','\r'),
	(5353,'KSaltourides','Katy','\r'),
	(5354,'BFernades','Bettyann','\r'),
	(5355,'VLevay','Valda','\r'),
	(5356,'LBeaureguard','Lynette','\r'),
	(5357,'VLaroia','Victor','\r'),
	(5358,'PBadgero','Pa','\r'),
	(5359,'DMiskelly','Dorathy','\r'),
	(5360,'RSchuh','Rodrigo','\r'),
	(5361,'SWaganer','Stanford','\r'),
	(5362,'MOrehek','Michael','\r'),
	(5363,'ITokich','Ines','\r'),
	(5364,'DMarkoff','Dorinda','\r'),
	(5365,'CGabbert','Clarence','\r'),
	(5366,'ORadel','Omer','\r'),
	(5367,'WKingshott','Winifred','\r'),
	(5368,'TSalomone','Theresia','\r'),
	(5369,'DKearsey','Daisy','\r'),
	(5370,'ABodle','Aretha','\r'),
	(5371,'BDiciano','Bettina','\r'),
	(5372,'OMangino','Omega','\r'),
	(5373,'DVock','Dana','\r'),
	(5374,'NTuamoheloa','Naomi','\r'),
	(5375,'LYerry','Luis','\r'),
	(5376,'DBarchacky','Dominga','\r'),
	(5377,'ICalizo','Isreal','\r'),
	(5378,'MKorba','Myrtie','\r'),
	(5379,'JNaifeh','Jodi','\r'),
	(5380,'PHedstrom','Pearly','\r'),
	(5381,'AMenez','Aileen','\r'),
	(5382,'GCarlo','Glory','\r'),
	(5383,'KFrancoise','Kathrine','\r'),
	(5384,'DMckale','Domingo','\r'),
	(5385,'JLaprade','Julian','\r'),
	(5386,'MLofts','Marylou','\r'),
	(5387,'LBrueck','Louis','\r'),
	(5388,'EGuenther','Ellsworth','\r'),
	(5389,'WLary','Wilburn','\r'),
	(5390,'ABorra','Arlie','\r'),
	(5391,'ALehoux','Alysa','\r'),
	(5392,'MHerrera','Marilynn','\r'),
	(5393,'SJarva','Scot','\r'),
	(5394,'AEnder','Adelaide','\r'),
	(5395,'JBorchelt','Jackie','\r'),
	(5396,'CBame','Carli','\r'),
	(5397,'CThro','Coletta','\r'),
	(5398,'KLamers','Katheryn','\r'),
	(5399,'SWisenbaker','Santos','\r'),
	(5400,'JButt','James','Administrator\r'),
	(5401,'JDarakjy','Josephine','\r'),
	(5402,'AVenere','Art','\r'),
	(5403,'LPaprocki','Lenna','\r'),
	(5404,'DFoller','Donette','\r'),
	(5405,'SWieser','Sage','\r'),
	(5406,'KMarrier','Kris','\r'),
	(5407,'MAmigon','Minna','Administrator\r'),
	(5408,'CAlbares','Cammy','\r'),
	(5409,'MPoquette','Mattie','\r'),
	(5410,'BNicka','Bette','\r'),
	(5411,'VInouye','Veronika','\r'),
	(5412,'WKolmetz','Willard','\r'),
	(5413,'MRoyster','Maryann','\r'),
	(5414,'EChui','Ezekiel','\r'),
	(5415,'WKusko','Willow','\r'),
	(5416,'BFigeroa','Bernardo','\r'),
	(5417,'ACorrio','Ammie','\r'),
	(5418,'FVocelka','Francine','\r'),
	(5419,'EStenseth','Ernie','\r'),
	(5420,'AGlick','Albina','\r'),
	(5421,'ASergi','Alishia','\r'),
	(5422,'SShinko','Solange','\r'),
	(5423,'JStockham','Jose','\r'),
	(5424,'YSchemmer','Youlanda','\r'),
	(5425,'DOldroyd','Dyan','\r'),
	(5426,'RCampain','Roxane','\r'),
	(5427,'JBriddick','Jina','\r'),
	(5428,'KWaycott','Kanisha','\r'),
	(5429,'EBowley','Emerson','\r'),
	(5430,'BMalet','Blair','\r'),
	(5431,'MMastella','Marjory','\r'),
	(5432,'KKlonowski','Karl','Administrator\r'),
	(5433,'TWenner','Tonette','\r'),
	(5434,'AMonarrez','Amber','\r'),
	(5435,'SSeewald','Shenika','\r'),
	(5436,'JVanausdal','Jamal','\r'),
	(5437,'CHollack','Cecily','\r'),
	(5438,'CLindall','Carmelina','\r'),
	(5439,'MYglesias','Maurine','\r'),
	(5440,'TBuvens','Tawna','\r'),
	(5441,'PWeight','Penney','\r'),
	(5442,'EMorocco','Elly','\r'),
	(5443,'IEroman','Ilene','\r'),
	(5444,'MParlato','Moon','Administrator\r'),
	(5445,'LReitler','Laurel','\r'),
	(5446,'DCrupi','Delisa','Administrator\r'),
	(5447,'VToelkes','Viva','\r'),
	(5448,'ELipke','Elza','\r'),
	(5449,'DChickering','Devorah','\r'),
	(5450,'TMulqueen','Timothy','\r'),
	(5451,'AHoneywell','Arlette','\r'),
	(5452,'DDickerson','Dominque','\r'),
	(5453,'LIsenhower','Lettie','Administrator\r'),
	(5454,'CGibes','Cory','\r'),
	(5455,'DBruschke','Danica','\r'),
	(5456,'WGiguere','Wilda','\r'),
	(5457,'EBenimadho','Elvera','\r'),
	(5458,'CVanheusen','Carma','\r'),
	(5459,'MHochard','Malinda','\r'),
	(5460,'NFern','Natalie','\r'),
	(5461,'LCentini','Lisha','\r'),
	(5462,'AKlusman','Arlene','\r'),
	(5463,'TFelger','Twana','\r'),
	(5464,'ESamu','Estrella','\r'),
	(5465,'DKines','Donte','\r'),
	(5466,'TSteffensmeier','Tiffiny','\r'),
	(5467,'EMiceli','Edna','\r'),
	(5468,'SKownacki','Sue','\r'),
	(5469,'JShin','Jesusa','\r'),
	(5470,'RFrancescon','Rolland','\r'),
	(5471,'PSchmierer','Pamella','\r'),
	(5472,'GKulzer','Glory','\r'),
	(5473,'SPalaspas','Shawna','\r'),
	(5474,'HDemesa','Herman','\r'),
	(5475,'RPapasergi','Rory','\r'),
	(5476,'TRiopelle','Talia','\r'),
	(5477,'VShire','Van','\r'),
	(5478,'LLary','Lucina','Administrator\r'),
	(5479,'BIsaacs','Bok','\r'),
	(5480,'RSpickerman','Rolande','\r'),
	(5481,'HPaulas','Howard','\r'),
	(5482,'KMadarang','Kimbery','\r'),
	(5483,'TManno','Thurman','\r'),
	(5484,'VKlimek','Valentin','\r'),
	(5485,'MWiklund','Melissa','\r'),
	(5486,'SZane','Sheridan','\r'),
	(5487,'BPadilla','Bulah','\r'),
	(5488,'AKohnert','Audra','\r'),
	(5489,'DWeirather','Daren','\r'),
	(5490,'FJillson','Fernanda','Administrator\r'),
	(5491,'GGellinger','Gearldine','\r'),
	(5492,'CKitzman','Chau','\r'),
	(5493,'TFrey','Theola','\r'),
	(5494,'CHaroldson','Cheryl','\r'),
	(5495,'YLuczki','Yolando','\r'),
	(5496,'LStem','Lizette','\r'),
	(5497,'GPawlowicz','Gregoria','\r'),
	(5498,'CDeleo','Carin','Administrator\r'),
	(5499,'CMaynerich','Chantell','\r'),
	(5500,'DYum','Dierdre','\r'),
	(5501,'LGudroe','Larae','\r'),
	(5502,'LTolfree','Latrice','\r'),
	(5503,'KTheodorov','Kerry','\r'),
	(5504,'DHidvegi','Dorthy','\r'),
	(5505,'SCousey','Sylvia','Administrator\r'),
	(5506,'NWrinkles','Nana','\r'),
	(5507,'LSpringe','Layla','\r'),
	(5508,'JDegonia','Joesph','\r'),
	(5509,'ABoord','Annabelle','\r'),
	(5510,'SVinning','Stephaine','\r'),
	(5511,'NSawchuk','Nelida','\r'),
	(5512,'MHiatt','Marguerita','\r'),
	(5513,'MLawler','Merlyn','\r'),
	(5514,'GMontezuma','Georgene','\r'),
	(5515,'JMconnell','Jettie','\r'),
	(5516,'LLatzke','Lemuel','\r'),
	(5517,'MKnipp','Melodie','\r'),
	(5518,'CCorbley','Candida','\r'),
	(5519,'KKarpin','Karan','\r'),
	(5520,'AScheyer','Andra','\r'),
	(5521,'FPoullion','Felicidad','\r'),
	(5522,'BStrassner','Belen','\r'),
	(5523,'GMelnyk','Gracia','\r'),
	(5524,'RCaiafa','Ronny','\r'),
	(5525,'MLimmel','Marge','\r'),
	(5526,'NWaymire','Norah','\r'),
	(5527,'ABaltimore','Aliza','\r'),
	(5528,'MPelkowski','Mozell','\r'),
	(5529,'VBitsuie','Viola','\r'),
	(5530,'FEmard','Franklyn','Administrator\r'),
	(5531,'WKonopacki','Willodean','\r'),
	(5532,'BSilvestrini','Beckie','\r'),
	(5533,'ASteier','Avery','\r'),
	(5534,'CLother','Cristy','\r'),
	(5535,'NBrossart','Nicolette','\r'),
	(5536,'TModzelewski','Tracey','\r'),
	(5537,'VTegarden','Virgina','\r'),
	(5538,'TFrankel','Tiera','\r'),
	(5539,'ABergesen','Alaine','\r'),
	(5540,'EMai','Earleen','\r'),
	(5541,'LGobern','Leonida','\r'),
	(5542,'RAuffrey','Ressie','Administrator\r'),
	(5543,'JMugnolo','Justine','\r'),
	(5544,'TMoyd','Taryn','\r'),
	(5545,'KPolidori','Katina','\r'),
	(5546,'RPlumer','Rickie','\r'),
	(5547,'ALoader','Alex','\r'),
	(5548,'LVizarro','Lashon','\r'),
	(5549,'LBurnard','Lauran','\r'),
	(5550,'CSetter','Ceola','\r'),
	(5551,'MRantanen','My','\r'),
	(5552,'LWorlds','Lorrine','\r'),
	(5553,'BSama','Benedict','\r'),
	(5554,'AArias','Alyce','\r'),
	(5555,'HBerganza','Heike','\r'),
	(5556,'CDopico','Carey','\r'),
	(5557,'DHellickson','Dottie','\r'),
	(5558,'DHughey','Deandrea','\r'),
	(5559,'KDuenas','Kimberlie','\r'),
	(5560,'MStaback','Martina','\r'),
	(5561,'SFillingim','Skye','\r'),
	(5562,'JFarrar','Jade','\r'),
	(5563,'CHamilton','Charlene','\r'),
	(5564,'GAcey','Geoffrey','\r'),
	(5565,'SWesterbeck','Stevie','\r'),
	(5566,'HDenooyer','Haydee','Administrator\r'),
	(5567,'JCryer','Joseph','\r'),
	(5568,'DKippley','Deonna','\r'),
	(5569,'RCalvaresi','Raymon','\r'),
	(5570,'ABubash','Alecia','\r'),
	(5571,'MLayous','Ma','\r'),
	(5572,'DCoyier','Detra','\r'),
	(5573,'TRodeigues','Terrilyn','Administrator\r'),
	(5574,'SLacovara','Salome','\r'),
	(5575,'GKeetch','Garry','\r'),
	(5576,'MNeither','Matthew','\r'),
	(5577,'TRestrepo','Theodora','\r'),
	(5578,'NKalafatis','Noah','\r'),
	(5579,'CSweigard','Carmen','\r'),
	(5580,'LHengel','Lavonda','\r'),
	(5581,'JStoltzman','Junita','\r'),
	(5582,'HNicolozakes','Herminia','\r'),
	(5583,'CGood','Casie','\r'),
	(5584,'RMaisto','Reena','\r'),
	(5585,'MMallett','Mirta','\r'),
	(5586,'CPontoriero','Cathrine','\r'),
	(5587,'FTawil','Filiberto','\r'),
	(5588,'RUpthegrove','Raul','\r'),
	(5589,'SCandlish','Sarah','\r'),
	(5590,'LTreston','Lucy','\r'),
	(5591,'JAquas','Judy','\r'),
	(5592,'YTjepkema','Yvonne','\r'),
	(5593,'KLace','Kayleigh','\r'),
	(5594,'FHirpara','Felix','\r'),
	(5595,'GBurdock','Gisele','\r'),
	(5596,'AFirpo','Aaron','\r'),
	(5597,'AMacmillan','Abel','\r'),
	(5598,'TConole','Tim','Administrator\r'),
	(5599,'MTichi','Markus','\r'),
	(5600,'JKent','Jason','\r'),
	(5601,'MLandor','Millard','\r'),
	(5602,'YAamot','Yolando','\r'),
	(5603,'SAaby','Sergio','\r'),
	(5604,'APayton','Adam','\r'),
	(5605,'SBartczak','Sha','\r'),
	(5606,'HZysk','Hans','\r'),
	(5607,'DKaeser','Dion','\r'),
	(5608,'DGaran','Dirk','\r'),
	(5609,'MHeap','Mitchell','Administrator\r');

/*!40000 ALTER TABLE `user` ENABLE KEYS */;
UNLOCK TABLES;



--
-- Dumping routines (PROCEDURE) for database 'collegem'
--
DELIMITER ;;

# Dump of PROCEDURE AddClass
# ------------------------------------------------------------

/*!50003 DROP PROCEDURE IF EXISTS `AddClass` */;;
/*!50003 SET SESSION SQL_MODE="NO_AUTO_VALUE_ON_ZERO"*/;;
/*!50003 CREATE*/ /*!50020 DEFINER=`root`@`localhost`*/ /*!50003 PROCEDURE `AddClass`(IN ID INT ,IN cCode VARCHAR(200), IN cNumber VARCHAR(200), IN cDescription VARCHAR(200), IN term VARCHAR(200), IN credits INT)
BEGIN
  INSERT INTO course VALUES(ID,cCode, cNumber, cDescription, term, credits);
END */;;

/*!50003 SET SESSION SQL_MODE=@OLD_SQL_MODE */;;
# Dump of PROCEDURE AddClassStudent
# ------------------------------------------------------------

/*!50003 DROP PROCEDURE IF EXISTS `AddClassStudent` */;;
/*!50003 SET SESSION SQL_MODE="NO_AUTO_VALUE_ON_ZERO"*/;;
/*!50003 CREATE*/ /*!50020 DEFINER=`root`@`localhost`*/ /*!50003 PROCEDURE `AddClassStudent`(IN ID INT, IN Academic_year VARCHAR(200), IN Section_ID INT, IN Student_ID INT)
BEGIN
	INSERT INTO enrollment VALUES (ID, Academic_year, Section_ID, Student_ID,NOW(),NULL);
END */;;

/*!50003 SET SESSION SQL_MODE=@OLD_SQL_MODE */;;
# Dump of PROCEDURE DeleteClass
# ------------------------------------------------------------

/*!50003 DROP PROCEDURE IF EXISTS `DeleteClass` */;;
/*!50003 SET SESSION SQL_MODE="NO_AUTO_VALUE_ON_ZERO"*/;;
/*!50003 CREATE*/ /*!50020 DEFINER=`root`@`localhost`*/ /*!50003 PROCEDURE `DeleteClass`(IN ID INT , IN cNumber VARCHAR(200))
BEGIN
  DELETE FROM course WHERE ID = ID AND Course_No=cNumber;
END */;;

/*!50003 SET SESSION SQL_MODE=@OLD_SQL_MODE */;;
# Dump of PROCEDURE DeleteClassStudent
# ------------------------------------------------------------

/*!50003 DROP PROCEDURE IF EXISTS `DeleteClassStudent` */;;
/*!50003 SET SESSION SQL_MODE="NO_AUTO_VALUE_ON_ZERO"*/;;
/*!50003 CREATE*/ /*!50020 DEFINER=`root`@`localhost`*/ /*!50003 PROCEDURE `DeleteClassStudent`(IN Student_ID INT, IN course_id INT, IN academic_year VARCHAR(200))
BEGIN
  DELETE e FROM enrollment e INNER JOIN section s ON e.Section_ID=s.ID WHERE e.Student_ID =Student_ID AND s.Course_ID=course_id AND e.Academic_year=academic_year;
END */;;

/*!50003 SET SESSION SQL_MODE=@OLD_SQL_MODE */;;
DELIMITER ;

/*!40111 SET SQL_NOTES=@OLD_SQL_NOTES */;
/*!40101 SET SQL_MODE=@OLD_SQL_MODE */;
/*!40014 SET FOREIGN_KEY_CHECKS=@OLD_FOREIGN_KEY_CHECKS */;
/*!40101 SET CHARACTER_SET_CLIENT=@OLD_CHARACTER_SET_CLIENT */;
/*!40101 SET CHARACTER_SET_RESULTS=@OLD_CHARACTER_SET_RESULTS */;
/*!40101 SET COLLATION_CONNECTION=@OLD_COLLATION_CONNECTION */;
